meter_id,reading_time,energy_kwh,voltage,current
MTR1000,2024-01-01 00:00:00,1.49,237.31,13.08
MTR1000,2024-01-01 01:00:00,0.11,230.11,9.14
MTR1000,2024-01-01 02:00:00,0.66,228.74,9.67
MTR1000,2024-01-01 03:00:00,0.97,230.71,9.93
MTR1000,2024-01-01 04:00:00,0.75,232.09,11.66
MTR1000,2024-01-01 05:00:00,0.73,219.87,12.24
MTR1000,2024-01-01 06:00:00,0.12,226.25,8.44
MTR1000,2024-01-01 07:00:00,1.06,235.65,10.75
MTR1000,2024-01-01 08:00:00,0.34,224.03,9.18
MTR1000,2024-01-01 09:00:00,1.16,223.11,9.29
MTR1000,2024-01-01 10:00:00,0.89,219.11,7.91
MTR1000,2024-01-01 11:00:00,1.4,225.46,12.38
MTR1000,2024-01-01 12:00:00,0.9,232.82,10.05
MTR1000,2024-01-01 13:00:00,1.28,231.32,13.28
MTR1000,2024-01-01 14:00:00,0.92,230.48,10.84
MTR1000,2024-01-01 15:00:00,0.49,225.78,8.97
MTR1000,2024-01-01 16:00:00,0.12,220.62,7.27
MTR1000,2024-01-01 17:00:00,0.51,234.65,11.36
MTR1000,2024-01-01 18:00:00,0.95,231.06,11.19
MTR1000,2024-01-01 19:00:00,1.38,229.16,12.33
MTR1000,2024-01-01 20:00:00,0.23,237.34,7.75
MTR1000,2024-01-01 21:00:00,1.03,222.13,11.28
MTR1000,2024-01-01 22:00:00,0.89,231.63,9.84
MTR1000,2024-01-01 23:00:00,1.29,225.33,11.57
MTR1000,2024-01-02 00:00:00,0.46,229.25,8.07
MTR1000,2024-01-02 01:00:00,0.38,229.7,11.92
MTR1000,2024-01-02 02:00:00,0.89,226.09,10.85
MTR1000,2024-01-02 03:00:00,0.95,222.91,10.38
MTR1000,2024-01-02 04:00:00,1.42,238.11,11.65
MTR1000,2024-01-02 05:00:00,1.33,222.67,11.79
MTR1000,2024-01-02 06:00:00,0.25,222.59,9.54
MTR1000,2024-01-02 07:00:00,0.68,228.28,11.5
MTR1000,2024-01-02 08:00:00,0.27,233.62,9.49
MTR1000,2024-01-02 09:00:00,0.48,223.25,7.96
MTR1000,2024-01-02 10:00:00,0.33,223.45,15.89
MTR1000,2024-01-02 11:00:00,1.07,225.47,8.37
MTR1000,2024-01-02 12:00:00,0.34,231.51,7.08
MTR1000,2024-01-02 13:00:00,0.67,229.92,9.95
MTR1000,2024-01-02 14:00:00,0.45,235.43,12.01
MTR1000,2024-01-02 15:00:00,0.31,229.68,10.69
MTR1000,2024-01-02 16:00:00,0.15,236.19,7.15
MTR1000,2024-01-02 17:00:00,1.05,217.51,12.96
MTR1000,2024-01-02 18:00:00,0.87,226.19,10.34
MTR1000,2024-01-02 19:00:00,0.62,233.64,8.76
MTR1000,2024-01-02 20:00:00,0.76,229.77,10.43
MTR1000,2024-01-02 21:00:00,1.24,227.79,10.76
MTR1000,2024-01-02 22:00:00,0.81,233.95,10.86
MTR1000,2024-01-02 23:00:00,0.56,233.59,8.1
MTR1000,2024-01-03 00:00:00,1.23,226.4,9.46
MTR1000,2024-01-03 01:00:00,1.42,232.14,5.06
MTR1000,2024-01-03 02:00:00,1.27,235.85,11.75
MTR1000,2024-01-03 03:00:00,0.39,239.36,10.79
MTR1000,2024-01-03 04:00:00,0.42,221.45,10.24
MTR1000,2024-01-03 05:00:00,1.49,230.31,11.0
MTR1000,2024-01-03 06:00:00,1.34,226.99,8.31
MTR1000,2024-01-03 07:00:00,1.08,230.54,10.21
MTR1000,2024-01-03 08:00:00,0.67,234.27,13.58
MTR1000,2024-01-03 09:00:00,0.62,225.07,7.81
MTR1000,2024-01-03 10:00:00,0.78,230.75,9.97
MTR1000,2024-01-03 11:00:00,0.35,229.98,9.23
MTR1000,2024-01-03 12:00:00,0.35,236.72,8.53
MTR1000,2024-01-03 13:00:00,1.11,232.09,6.23
MTR1000,2024-01-03 14:00:00,0.81,223.41,11.44
MTR1000,2024-01-03 15:00:00,0.93,229.94,10.83
MTR1000,2024-01-03 16:00:00,1.37,220.32,8.31
MTR1000,2024-01-03 17:00:00,1.0,234.25,10.79
MTR1000,2024-01-03 18:00:00,0.42,243.92,9.94
MTR1000,2024-01-03 19:00:00,1.18,221.08,9.51
MTR1000,2024-01-03 20:00:00,1.34,233.03,6.11
MTR1000,2024-01-03 21:00:00,0.9,225.25,8.81
MTR1000,2024-01-03 22:00:00,0.48,218.41,9.46
MTR1000,2024-01-03 23:00:00,0.65,224.26,12.78
MTR1000,2024-01-04 00:00:00,0.46,224.87,7.63
MTR1000,2024-01-04 01:00:00,1.29,232.09,8.54
MTR1000,2024-01-04 02:00:00,0.87,226.67,6.62
MTR1000,2024-01-04 03:00:00,0.46,226.34,10.39
MTR1000,2024-01-04 04:00:00,0.11,224.08,10.99
MTR1000,2024-01-04 05:00:00,0.2,227.22,9.74
MTR1000,2024-01-04 06:00:00,1.34,230.34,9.18
MTR1000,2024-01-04 07:00:00,0.71,224.0,12.4
MTR1000,2024-01-04 08:00:00,0.32,227.94,11.19
MTR1000,2024-01-04 09:00:00,0.15,231.77,6.24
MTR1000,2024-01-04 10:00:00,0.56,227.29,11.55
MTR1000,2024-01-04 11:00:00,1.45,236.05,9.7
MTR1000,2024-01-04 12:00:00,0.37,238.32,8.52
MTR1000,2024-01-04 13:00:00,0.29,223.46,6.02
MTR1000,2024-01-04 14:00:00,1.14,226.34,8.84
MTR1000,2024-01-04 15:00:00,0.21,238.91,8.65
MTR1000,2024-01-04 16:00:00,0.18,229.42,11.66
MTR1000,2024-01-04 17:00:00,0.44,230.92,11.16
MTR1000,2024-01-04 18:00:00,0.82,226.06,13.85
MTR1000,2024-01-04 19:00:00,1.12,230.43,8.81
MTR1000,2024-01-04 20:00:00,0.32,228.3,8.37
MTR1000,2024-01-04 21:00:00,0.23,228.6,8.79
MTR1000,2024-01-04 22:00:00,1.47,233.5,11.2
MTR1000,2024-01-04 23:00:00,0.58,240.57,9.0
MTR1000,2024-01-05 00:00:00,0.17,230.01,11.51
MTR1000,2024-01-05 01:00:00,0.86,234.86,13.09
MTR1000,2024-01-05 02:00:00,1.42,235.86,11.06
MTR1000,2024-01-05 03:00:00,1.05,224.83,10.41
MTR1000,2024-01-05 04:00:00,1.24,232.23,12.27
MTR1000,2024-01-05 05:00:00,1.25,224.28,11.18
MTR1000,2024-01-05 06:00:00,0.48,227.27,7.47
MTR1000,2024-01-05 07:00:00,0.15,222.28,12.23
MTR1000,2024-01-05 08:00:00,1.02,237.77,8.04
MTR1000,2024-01-05 09:00:00,0.58,229.86,6.57
MTR1000,2024-01-05 10:00:00,1.07,232.65,9.63
MTR1000,2024-01-05 11:00:00,0.15,232.24,9.84
MTR1000,2024-01-05 12:00:00,0.87,238.39,6.25
MTR1000,2024-01-05 13:00:00,0.91,226.92,10.77
MTR1000,2024-01-05 14:00:00,0.45,235.22,10.46
MTR1000,2024-01-05 15:00:00,0.89,233.82,7.78
MTR1000,2024-01-05 16:00:00,1.14,226.87,7.32
MTR1000,2024-01-05 17:00:00,0.85,217.72,9.85
MTR1000,2024-01-05 18:00:00,0.52,231.96,9.75
MTR1000,2024-01-05 19:00:00,1.05,223.29,3.27
MTR1000,2024-01-05 20:00:00,0.22,231.01,8.39
MTR1000,2024-01-05 21:00:00,0.88,228.29,10.5
MTR1000,2024-01-05 22:00:00,1.4,239.07,10.81
MTR1000,2024-01-05 23:00:00,1.46,234.44,10.99
MTR1000,2024-01-06 00:00:00,1.31,228.71,12.37
MTR1000,2024-01-06 01:00:00,0.41,234.43,9.53
MTR1000,2024-01-06 02:00:00,0.31,222.09,10.16
MTR1000,2024-01-06 03:00:00,0.91,231.45,9.63
MTR1000,2024-01-06 04:00:00,0.93,236.63,8.09
MTR1000,2024-01-06 05:00:00,0.77,237.39,8.24
MTR1000,2024-01-06 06:00:00,0.45,226.38,6.25
MTR1000,2024-01-06 07:00:00,0.46,237.22,6.17
MTR1000,2024-01-06 08:00:00,1.14,233.24,11.07
MTR1000,2024-01-06 09:00:00,1.14,224.48,11.52
MTR1000,2024-01-06 10:00:00,0.66,225.77,9.91
MTR1000,2024-01-06 11:00:00,0.84,236.79,9.43
MTR1000,2024-01-06 12:00:00,1.47,220.52,11.2
MTR1000,2024-01-06 13:00:00,0.16,234.22,7.87
MTR1000,2024-01-06 14:00:00,0.21,227.64,8.89
MTR1000,2024-01-06 15:00:00,0.51,237.18,8.6
MTR1000,2024-01-06 16:00:00,1.38,225.62,9.53
MTR1000,2024-01-06 17:00:00,0.57,232.31,7.92
MTR1000,2024-01-06 18:00:00,0.64,226.22,8.25
MTR1000,2024-01-06 19:00:00,0.6,228.38,6.68
MTR1000,2024-01-06 20:00:00,0.15,226.77,6.8
MTR1000,2024-01-06 21:00:00,0.94,226.77,9.19
MTR1000,2024-01-06 22:00:00,0.21,229.39,11.3
MTR1000,2024-01-06 23:00:00,0.91,230.71,12.07
MTR1001,2024-01-01 00:00:00,0.33,237.0,9.11
MTR1001,2024-01-01 01:00:00,0.77,226.92,12.87
MTR1001,2024-01-01 02:00:00,1.26,226.53,10.22
MTR1001,2024-01-01 03:00:00,0.15,231.09,9.03
MTR1001,2024-01-01 04:00:00,0.85,231.6,10.39
MTR1001,2024-01-01 05:00:00,0.92,234.62,11.63
MTR1001,2024-01-01 06:00:00,0.63,226.3,8.7
MTR1001,2024-01-01 07:00:00,0.45,225.64,8.66
MTR1001,2024-01-01 08:00:00,1.33,212.61,9.46
MTR1001,2024-01-01 09:00:00,1.26,234.69,8.86
MTR1001,2024-01-01 10:00:00,1.46,227.18,15.08
MTR1001,2024-01-01 11:00:00,0.69,232.97,12.43
MTR1001,2024-01-01 12:00:00,1.23,231.17,11.61
MTR1001,2024-01-01 13:00:00,1.47,238.05,12.55
MTR1001,2024-01-01 14:00:00,0.88,231.26,9.09
MTR1001,2024-01-01 15:00:00,0.87,234.33,9.79
MTR1001,2024-01-01 16:00:00,0.52,239.53,10.46
MTR1001,2024-01-01 17:00:00,1.22,236.06,9.71
MTR1001,2024-01-01 18:00:00,1.18,222.38,12.41
MTR1001,2024-01-01 19:00:00,0.39,220.9,11.83
MTR1001,2024-01-01 20:00:00,0.85,241.71,7.8
MTR1001,2024-01-01 21:00:00,0.66,225.46,11.12
MTR1001,2024-01-01 22:00:00,1.08,234.99,9.53
MTR1001,2024-01-01 23:00:00,0.82,230.38,10.71
MTR1001,2024-01-02 00:00:00,0.41,227.48,12.09
MTR1001,2024-01-02 01:00:00,0.59,230.25,9.02
MTR1001,2024-01-02 02:00:00,0.85,233.93,9.43
MTR1001,2024-01-02 03:00:00,0.28,223.91,7.68
MTR1001,2024-01-02 04:00:00,0.23,239.82,9.61
MTR1001,2024-01-02 05:00:00,0.82,228.1,7.88
MTR1001,2024-01-02 06:00:00,0.1,230.89,10.07
MTR1001,2024-01-02 07:00:00,0.85,229.82,10.11
MTR1001,2024-01-02 08:00:00,1.16,238.9,10.5
MTR1001,2024-01-02 09:00:00,0.19,234.33,10.94
MTR1001,2024-01-02 10:00:00,1.15,224.15,6.68
MTR1001,2024-01-02 11:00:00,0.25,226.14,11.15
MTR1001,2024-01-02 12:00:00,0.89,222.2,10.41
MTR1001,2024-01-02 13:00:00,0.58,219.12,9.22
MTR1001,2024-01-02 14:00:00,1.01,242.87,8.75
MTR1001,2024-01-02 15:00:00,1.13,240.42,12.78
MTR1001,2024-01-02 16:00:00,0.89,222.38,7.73
MTR1001,2024-01-02 17:00:00,1.36,222.92,11.19
MTR1001,2024-01-02 18:00:00,0.8,232.48,9.61
MTR1001,2024-01-02 19:00:00,0.11,226.91,7.48
MTR1001,2024-01-02 20:00:00,0.78,233.99,10.29
MTR1001,2024-01-02 21:00:00,0.11,229.96,10.9
MTR1001,2024-01-02 22:00:00,1.11,232.83,11.66
MTR1001,2024-01-02 23:00:00,0.85,236.21,9.83
MTR1001,2024-01-03 00:00:00,0.39,233.2,8.37
MTR1001,2024-01-03 01:00:00,0.84,234.94,11.53
MTR1001,2024-01-03 02:00:00,0.22,233.82,10.02
MTR1001,2024-01-03 03:00:00,0.55,221.35,12.48
MTR1001,2024-01-03 04:00:00,0.74,239.99,13.97
MTR1001,2024-01-03 05:00:00,0.38,227.09,10.52
MTR1001,2024-01-03 06:00:00,0.29,241.95,8.79
MTR1001,2024-01-03 07:00:00,1.21,227.2,13.01
MTR1001,2024-01-03 08:00:00,1.41,233.34,9.62
MTR1001,2024-01-03 09:00:00,1.11,232.66,11.39
MTR1001,2024-01-03 10:00:00,1.22,227.79,10.92
MTR1001,2024-01-03 11:00:00,0.43,233.71,10.49
MTR1001,2024-01-03 12:00:00,0.54,238.55,11.65
MTR1001,2024-01-03 13:00:00,0.73,232.76,10.59
MTR1001,2024-01-03 14:00:00,0.97,218.37,13.02
MTR1001,2024-01-03 15:00:00,0.91,223.95,6.77
MTR1001,2024-01-03 16:00:00,0.84,218.55,12.86
MTR1001,2024-01-03 17:00:00,0.57,234.58,12.18
MTR1001,2024-01-03 18:00:00,0.33,229.94,12.11
MTR1001,2024-01-03 19:00:00,1.14,234.14,12.02
MTR1001,2024-01-03 20:00:00,1.19,228.24,9.15
MTR1001,2024-01-03 21:00:00,1.1,238.21,9.92
MTR1001,2024-01-03 22:00:00,0.24,218.78,11.35
MTR1001,2024-01-03 23:00:00,0.74,230.28,15.01
MTR1001,2024-01-04 00:00:00,0.86,217.14,9.23
MTR1001,2024-01-04 01:00:00,1.18,230.14,9.73
MTR1001,2024-01-04 02:00:00,0.89,233.59,13.14
MTR1001,2024-01-04 03:00:00,1.26,229.44,10.65
MTR1001,2024-01-04 04:00:00,0.42,221.6,8.79
MTR1001,2024-01-04 05:00:00,0.96,228.66,9.12
MTR1001,2024-01-04 06:00:00,1.12,225.62,10.41
MTR1001,2024-01-04 07:00:00,1.39,236.02,11.34
MTR1001,2024-01-04 08:00:00,0.62,226.86,9.01
MTR1001,2024-01-04 09:00:00,0.36,227.63,11.9
MTR1001,2024-01-04 10:00:00,0.54,232.69,7.28
MTR1001,2024-01-04 11:00:00,0.63,226.02,11.32
MTR1001,2024-01-04 12:00:00,1.2,225.42,10.49
MTR1001,2024-01-04 13:00:00,0.68,222.22,4.43
MTR1001,2024-01-04 14:00:00,1.39,227.78,10.17
MTR1001,2024-01-04 15:00:00,1.38,232.36,6.94
MTR1001,2024-01-04 16:00:00,0.33,226.41,11.81
MTR1001,2024-01-04 17:00:00,0.41,230.39,7.03
MTR1001,2024-01-04 18:00:00,1.47,241.38,6.74
MTR1001,2024-01-04 19:00:00,1.3,223.3,10.3
MTR1001,2024-01-04 20:00:00,0.52,225.65,6.78
MTR1001,2024-01-04 21:00:00,0.7,227.16,12.26
MTR1001,2024-01-04 22:00:00,0.76,222.83,12.93
MTR1001,2024-01-04 23:00:00,1.27,221.75,11.4
MTR1001,2024-01-05 00:00:00,1.1,242.15,13.9
MTR1001,2024-01-05 01:00:00,0.77,237.96,9.96
MTR1001,2024-01-05 02:00:00,0.24,227.16,9.56
MTR1001,2024-01-05 03:00:00,1.15,232.57,9.41
MTR1001,2024-01-05 04:00:00,0.84,236.11,5.65
MTR1001,2024-01-05 05:00:00,0.46,230.13,7.18
MTR1001,2024-01-05 06:00:00,0.93,234.06,6.24
MTR1001,2024-01-05 07:00:00,1.34,238.58,10.88
MTR1001,2024-01-05 08:00:00,1.23,230.07,10.12
MTR1001,2024-01-05 09:00:00,1.23,228.62,7.88
MTR1001,2024-01-05 10:00:00,0.55,231.15,8.57
MTR1001,2024-01-05 11:00:00,1.13,231.65,11.74
MTR1001,2024-01-05 12:00:00,1.09,231.14,11.5
MTR1001,2024-01-05 13:00:00,0.57,227.71,12.18
MTR1001,2024-01-05 14:00:00,0.15,227.62,12.03
MTR1001,2024-01-05 15:00:00,1.18,234.75,9.28
MTR1001,2024-01-05 16:00:00,0.41,230.83,8.05
MTR1001,2024-01-05 17:00:00,1.48,223.33,9.76
MTR1001,2024-01-05 18:00:00,0.78,238.51,10.18
MTR1001,2024-01-05 19:00:00,1.08,223.21,9.06
MTR1001,2024-01-05 20:00:00,1.0,224.78,9.56
MTR1001,2024-01-05 21:00:00,1.36,235.52,12.3
MTR1001,2024-01-05 22:00:00,1.25,236.73,10.25
MTR1001,2024-01-05 23:00:00,0.8,229.26,8.64
MTR1001,2024-01-06 00:00:00,0.8,227.19,10.63
MTR1001,2024-01-06 01:00:00,0.3,225.51,8.18
MTR1001,2024-01-06 02:00:00,1.13,233.56,7.33
MTR1001,2024-01-06 03:00:00,0.79,235.93,10.51
MTR1001,2024-01-06 04:00:00,0.67,227.91,12.91
MTR1001,2024-01-06 05:00:00,0.6,230.74,9.55
MTR1001,2024-01-06 06:00:00,0.2,228.87,12.42
MTR1001,2024-01-06 07:00:00,1.38,233.74,13.0
MTR1001,2024-01-06 08:00:00,1.43,232.6,9.76
MTR1001,2024-01-06 09:00:00,0.29,221.23,9.75
MTR1001,2024-01-06 10:00:00,0.86,231.42,9.44
MTR1001,2024-01-06 11:00:00,1.28,227.6,14.6
MTR1001,2024-01-06 12:00:00,0.58,224.77,6.44
MTR1001,2024-01-06 13:00:00,1.09,225.28,14.61
MTR1001,2024-01-06 14:00:00,0.21,228.46,8.68
MTR1001,2024-01-06 15:00:00,1.23,231.09,13.89
MTR1001,2024-01-06 16:00:00,0.22,236.42,11.38
MTR1001,2024-01-06 17:00:00,1.11,230.2,10.02
MTR1001,2024-01-06 18:00:00,1.36,236.77,12.06
MTR1001,2024-01-06 19:00:00,0.17,228.45,10.23
MTR1001,2024-01-06 20:00:00,0.92,220.24,9.44
MTR1001,2024-01-06 21:00:00,0.27,225.9,11.23
MTR1001,2024-01-06 22:00:00,0.26,236.78,9.28
MTR1001,2024-01-06 23:00:00,1.14,229.67,8.67
MTR1002,2024-01-01 00:00:00,0.83,236.74,12.59
MTR1002,2024-01-01 01:00:00,0.61,225.72,15.48
MTR1002,2024-01-01 02:00:00,1.34,217.35,12.6
MTR1002,2024-01-01 03:00:00,0.67,236.67,10.64
MTR1002,2024-01-01 04:00:00,0.85,236.15,11.67
MTR1002,2024-01-01 05:00:00,0.83,235.05,9.61
MTR1002,2024-01-01 06:00:00,0.68,231.28,9.96
MTR1002,2024-01-01 07:00:00,0.1,227.81,7.63
MTR1002,2024-01-01 08:00:00,1.41,229.88,8.89
MTR1002,2024-01-01 09:00:00,0.91,226.61,6.96
MTR1002,2024-01-01 10:00:00,0.23,231.43,5.83
MTR1002,2024-01-01 11:00:00,1.13,229.96,9.73
MTR1002,2024-01-01 12:00:00,0.52,232.27,11.49
MTR1002,2024-01-01 13:00:00,0.92,232.3,9.5
MTR1002,2024-01-01 14:00:00,0.16,228.77,8.23
MTR1002,2024-01-01 15:00:00,0.27,232.82,6.93
MTR1002,2024-01-01 16:00:00,1.48,231.22,11.86
MTR1002,2024-01-01 17:00:00,1.37,229.25,8.68
MTR1002,2024-01-01 18:00:00,1.27,233.09,8.99
MTR1002,2024-01-01 19:00:00,0.27,229.36,9.0
MTR1002,2024-01-01 20:00:00,0.15,232.58,12.39
MTR1002,2024-01-01 21:00:00,0.4,242.51,10.94
MTR1002,2024-01-01 22:00:00,0.84,230.54,6.58
MTR1002,2024-01-01 23:00:00,0.79,241.18,8.67
MTR1002,2024-01-02 00:00:00,1.15,229.33,12.25
MTR1002,2024-01-02 01:00:00,0.65,229.1,6.48
MTR1002,2024-01-02 02:00:00,0.16,232.53,9.6
MTR1002,2024-01-02 03:00:00,1.13,225.17,8.29
MTR1002,2024-01-02 04:00:00,0.11,228.82,10.2
MTR1002,2024-01-02 05:00:00,0.85,234.54,10.07
MTR1002,2024-01-02 06:00:00,0.9,232.72,14.03
MTR1002,2024-01-02 07:00:00,1.31,230.79,13.46
MTR1002,2024-01-02 08:00:00,1.32,226.81,9.05
MTR1002,2024-01-02 09:00:00,0.32,224.16,8.51
MTR1002,2024-01-02 10:00:00,1.4,231.59,8.74
MTR1002,2024-01-02 11:00:00,0.36,235.2,9.81
MTR1002,2024-01-02 12:00:00,0.11,227.29,11.28
MTR1002,2024-01-02 13:00:00,1.37,225.95,11.72
MTR1002,2024-01-02 14:00:00,0.37,228.76,8.81
MTR1002,2024-01-02 15:00:00,0.88,228.58,8.24
MTR1002,2024-01-02 16:00:00,0.11,228.89,10.38
MTR1002,2024-01-02 17:00:00,0.5,229.77,9.34
MTR1002,2024-01-02 18:00:00,1.28,224.07,9.2
MTR1002,2024-01-02 19:00:00,1.16,227.22,10.98
MTR1002,2024-01-02 20:00:00,1.18,233.76,11.95
MTR1002,2024-01-02 21:00:00,0.76,227.07,13.82
MTR1002,2024-01-02 22:00:00,1.01,221.47,12.77
MTR1002,2024-01-02 23:00:00,0.19,227.75,12.25
MTR1002,2024-01-03 00:00:00,1.25,229.44,7.55
MTR1002,2024-01-03 01:00:00,1.42,236.49,10.22
MTR1002,2024-01-03 02:00:00,0.52,232.32,11.16
MTR1002,2024-01-03 03:00:00,0.42,232.15,10.49
MTR1002,2024-01-03 04:00:00,1.3,220.77,8.87
MTR1002,2024-01-03 05:00:00,0.55,234.71,11.72
MTR1002,2024-01-03 06:00:00,0.38,232.01,11.38
MTR1002,2024-01-03 07:00:00,0.89,242.58,6.69
MTR1002,2024-01-03 08:00:00,0.32,229.21,7.63
MTR1002,2024-01-03 09:00:00,0.84,232.57,9.49
MTR1002,2024-01-03 10:00:00,1.45,229.19,7.32
MTR1002,2024-01-03 11:00:00,0.1,238.19,13.0
MTR1002,2024-01-03 12:00:00,0.45,222.57,10.63
MTR1002,2024-01-03 13:00:00,0.33,223.37,12.31
MTR1002,2024-01-03 14:00:00,0.93,231.48,9.92
MTR1002,2024-01-03 15:00:00,0.31,239.81,9.23
MTR1002,2024-01-03 16:00:00,0.65,236.08,11.48
MTR1002,2024-01-03 17:00:00,1.43,231.29,10.94
MTR1002,2024-01-03 18:00:00,1.15,228.38,10.1
MTR1002,2024-01-03 19:00:00,0.78,226.95,7.71
MTR1002,2024-01-03 20:00:00,1.19,235.12,10.18
MTR1002,2024-01-03 21:00:00,0.22,227.64,12.15
MTR1002,2024-01-03 22:00:00,0.55,234.6,11.11
MTR1002,2024-01-03 23:00:00,0.16,231.76,10.27
MTR1002,2024-01-04 00:00:00,0.27,231.05,11.76
MTR1002,2024-01-04 01:00:00,0.96,222.33,11.72
MTR1002,2024-01-04 02:00:00,1.41,230.73,11.04
MTR1002,2024-01-04 03:00:00,1.2,228.32,14.83
MTR1002,2024-01-04 04:00:00,1.03,240.78,12.34
MTR1002,2024-01-04 05:00:00,1.2,227.1,9.95
MTR1002,2024-01-04 06:00:00,0.33,238.43,9.08
MTR1002,2024-01-04 07:00:00,0.93,228.51,14.33
MTR1002,2024-01-04 08:00:00,0.96,228.23,5.95
MTR1002,2024-01-04 09:00:00,1.14,229.07,12.09
MTR1002,2024-01-04 10:00:00,0.16,223.44,12.4
MTR1002,2024-01-04 11:00:00,0.86,225.78,9.97
MTR1002,2024-01-04 12:00:00,0.66,227.94,7.18
MTR1002,2024-01-04 13:00:00,0.39,228.32,10.7
MTR1002,2024-01-04 14:00:00,1.45,235.66,9.45
MTR1002,2024-01-04 15:00:00,0.98,234.37,11.54
MTR1002,2024-01-04 16:00:00,0.81,234.76,15.89
MTR1002,2024-01-04 17:00:00,0.92,229.59,9.25
MTR1002,2024-01-04 18:00:00,0.95,236.58,10.88
MTR1002,2024-01-04 19:00:00,1.02,223.61,6.9
MTR1002,2024-01-04 20:00:00,0.75,227.55,11.25
MTR1002,2024-01-04 21:00:00,1.19,238.28,6.92
MTR1002,2024-01-04 22:00:00,0.99,231.15,5.35
MTR1002,2024-01-04 23:00:00,0.68,229.46,8.53
MTR1002,2024-01-05 00:00:00,0.24,238.05,6.71
MTR1002,2024-01-05 01:00:00,0.91,226.57,10.55
MTR1002,2024-01-05 02:00:00,1.01,225.63,6.75
MTR1002,2024-01-05 03:00:00,1.3,230.08,9.81
MTR1002,2024-01-05 04:00:00,0.94,222.97,8.89
MTR1002,2024-01-05 05:00:00,0.43,229.25,11.99
MTR1002,2024-01-05 06:00:00,0.56,239.76,8.82
MTR1002,2024-01-05 07:00:00,0.3,240.95,7.48
MTR1002,2024-01-05 08:00:00,1.43,226.29,7.39
MTR1002,2024-01-05 09:00:00,0.63,221.82,12.41
MTR1002,2024-01-05 10:00:00,0.85,233.54,11.94
MTR1002,2024-01-05 11:00:00,0.72,230.87,12.18
MTR1002,2024-01-05 12:00:00,0.86,228.39,9.1
MTR1002,2024-01-05 13:00:00,0.17,223.81,11.26
MTR1002,2024-01-05 14:00:00,0.35,238.58,11.54
MTR1002,2024-01-05 15:00:00,0.66,239.86,9.57
MTR1002,2024-01-05 16:00:00,0.12,222.28,11.01
MTR1002,2024-01-05 17:00:00,0.83,232.14,5.82
MTR1002,2024-01-05 18:00:00,0.28,230.32,10.24
MTR1002,2024-01-05 19:00:00,0.33,233.0,8.38
MTR1002,2024-01-05 20:00:00,0.32,234.03,7.56
MTR1002,2024-01-05 21:00:00,1.47,229.49,9.95
MTR1002,2024-01-05 22:00:00,0.44,230.92,10.33
MTR1002,2024-01-05 23:00:00,1.18,230.99,9.48
MTR1002,2024-01-06 00:00:00,1.39,233.09,10.28
MTR1002,2024-01-06 01:00:00,1.26,234.2,13.63
MTR1002,2024-01-06 02:00:00,0.59,231.71,7.78
MTR1002,2024-01-06 03:00:00,0.55,228.33,10.41
MTR1002,2024-01-06 04:00:00,0.5,231.51,8.43
MTR1002,2024-01-06 05:00:00,1.17,229.44,11.54
MTR1002,2024-01-06 06:00:00,1.36,228.18,11.51
MTR1002,2024-01-06 07:00:00,1.32,222.65,8.2
MTR1002,2024-01-06 08:00:00,1.01,235.55,7.08
MTR1002,2024-01-06 09:00:00,0.95,219.9,12.14
MTR1002,2024-01-06 10:00:00,0.87,235.32,14.49
MTR1002,2024-01-06 11:00:00,0.72,230.21,9.54
MTR1002,2024-01-06 12:00:00,0.34,236.35,11.4
MTR1002,2024-01-06 13:00:00,0.8,233.11,10.12
MTR1002,2024-01-06 14:00:00,1.29,221.85,10.34
MTR1002,2024-01-06 15:00:00,0.77,235.11,5.63
MTR1002,2024-01-06 16:00:00,1.15,230.9,13.64
MTR1002,2024-01-06 17:00:00,1.25,234.58,9.68
MTR1002,2024-01-06 18:00:00,0.2,230.65,10.76
MTR1002,2024-01-06 19:00:00,0.63,229.52,7.18
MTR1002,2024-01-06 20:00:00,0.37,231.95,7.78
MTR1002,2024-01-06 21:00:00,0.83,232.61,10.41
MTR1002,2024-01-06 22:00:00,0.85,225.86,10.33
MTR1002,2024-01-06 23:00:00,1.1,231.58,9.87
MTR1003,2024-01-01 00:00:00,1.25,224.71,10.13
MTR1003,2024-01-01 01:00:00,1.3,227.3,11.03
MTR1003,2024-01-01 02:00:00,0.51,227.17,11.06
MTR1003,2024-01-01 03:00:00,1.38,225.89,9.7
MTR1003,2024-01-01 04:00:00,1.24,232.39,5.45
MTR1003,2024-01-01 05:00:00,0.26,242.73,10.83
MTR1003,2024-01-01 06:00:00,1.21,224.7,10.96
MTR1003,2024-01-01 07:00:00,0.61,230.88,10.53
MTR1003,2024-01-01 08:00:00,0.88,225.71,7.88
MTR1003,2024-01-01 09:00:00,1.12,232.18,11.78
MTR1003,2024-01-01 10:00:00,1.23,227.16,10.86
MTR1003,2024-01-01 11:00:00,0.69,227.76,8.83
MTR1003,2024-01-01 12:00:00,1.32,242.34,6.22
MTR1003,2024-01-01 13:00:00,0.35,224.68,8.52
MTR1003,2024-01-01 14:00:00,0.39,223.37,11.51
MTR1003,2024-01-01 15:00:00,0.98,233.33,6.9
MTR1003,2024-01-01 16:00:00,1.05,220.66,6.05
MTR1003,2024-01-01 17:00:00,1.11,231.95,12.41
MTR1003,2024-01-01 18:00:00,0.57,230.85,10.5
MTR1003,2024-01-01 19:00:00,0.47,235.65,13.43
MTR1003,2024-01-01 20:00:00,0.66,222.81,7.56
MTR1003,2024-01-01 21:00:00,0.96,236.19,9.57
MTR1003,2024-01-01 22:00:00,1.04,230.98,8.8
MTR1003,2024-01-01 23:00:00,0.48,238.45,11.74
MTR1003,2024-01-02 00:00:00,0.42,223.21,9.62
MTR1003,2024-01-02 01:00:00,0.17,222.5,7.34
MTR1003,2024-01-02 02:00:00,1.49,220.24,8.74
MTR1003,2024-01-02 03:00:00,0.91,236.56,11.39
MTR1003,2024-01-02 04:00:00,0.34,222.22,6.36
MTR1003,2024-01-02 05:00:00,1.25,229.9,10.77
MTR1003,2024-01-02 06:00:00,0.64,226.23,11.58
MTR1003,2024-01-02 07:00:00,1.04,228.82,9.21
MTR1003,2024-01-02 08:00:00,1.2,231.49,12.0
MTR1003,2024-01-02 09:00:00,0.81,228.55,9.18
MTR1003,2024-01-02 10:00:00,0.58,222.32,7.62
MTR1003,2024-01-02 11:00:00,0.43,236.55,10.08
MTR1003,2024-01-02 12:00:00,0.49,232.25,8.94
MTR1003,2024-01-02 13:00:00,0.9,220.03,12.44
MTR1003,2024-01-02 14:00:00,0.8,234.43,5.41
MTR1003,2024-01-02 15:00:00,0.98,231.87,14.0
MTR1003,2024-01-02 16:00:00,1.11,228.19,9.1
MTR1003,2024-01-02 17:00:00,1.25,227.83,8.91
MTR1003,2024-01-02 18:00:00,1.44,233.56,10.24
MTR1003,2024-01-02 19:00:00,0.91,220.15,9.56
MTR1003,2024-01-02 20:00:00,0.95,227.42,11.86
MTR1003,2024-01-02 21:00:00,1.43,232.55,12.0
MTR1003,2024-01-02 22:00:00,0.27,234.75,3.22
MTR1003,2024-01-02 23:00:00,0.43,231.21,8.06
MTR1003,2024-01-03 00:00:00,1.41,228.13,11.27
MTR1003,2024-01-03 01:00:00,1.29,221.72,12.51
MTR1003,2024-01-03 02:00:00,0.64,223.34,10.56
MTR1003,2024-01-03 03:00:00,0.4,238.2,9.8
MTR1003,2024-01-03 04:00:00,0.97,227.01,6.52
MTR1003,2024-01-03 05:00:00,0.34,226.15,8.88
MTR1003,2024-01-03 06:00:00,1.07,237.61,12.7
MTR1003,2024-01-03 07:00:00,0.42,226.34,8.6
MTR1003,2024-01-03 08:00:00,0.34,234.75,10.85
MTR1003,2024-01-03 09:00:00,1.11,227.84,12.65
MTR1003,2024-01-03 10:00:00,1.02,231.9,5.65
MTR1003,2024-01-03 11:00:00,0.77,227.97,7.68
MTR1003,2024-01-03 12:00:00,1.45,227.16,9.22
MTR1003,2024-01-03 13:00:00,0.69,231.93,12.74
MTR1003,2024-01-03 14:00:00,1.05,232.29,7.61
MTR1003,2024-01-03 15:00:00,0.55,232.08,12.15
MTR1003,2024-01-03 16:00:00,0.38,223.06,8.48
MTR1003,2024-01-03 17:00:00,1.0,221.29,9.99
MTR1003,2024-01-03 18:00:00,0.31,233.66,7.52
MTR1003,2024-01-03 19:00:00,1.23,235.06,10.64
MTR1003,2024-01-03 20:00:00,0.65,231.46,8.54
MTR1003,2024-01-03 21:00:00,1.42,231.63,9.67
MTR1003,2024-01-03 22:00:00,0.45,232.94,11.02
MTR1003,2024-01-03 23:00:00,0.79,225.26,5.68
MTR1003,2024-01-04 00:00:00,0.42,229.38,11.95
MTR1003,2024-01-04 01:00:00,1.34,226.98,9.85
MTR1003,2024-01-04 02:00:00,0.15,233.97,12.46
MTR1003,2024-01-04 03:00:00,1.22,217.83,10.37
MTR1003,2024-01-04 04:00:00,0.75,224.62,6.44
MTR1003,2024-01-04 05:00:00,0.87,226.01,9.71
MTR1003,2024-01-04 06:00:00,0.82,230.87,10.49
MTR1003,2024-01-04 07:00:00,0.42,228.94,9.77
MTR1003,2024-01-04 08:00:00,1.44,234.81,9.89
MTR1003,2024-01-04 09:00:00,0.55,229.63,7.87
MTR1003,2024-01-04 10:00:00,0.26,234.16,9.94
MTR1003,2024-01-04 11:00:00,0.83,224.63,10.73
MTR1003,2024-01-04 12:00:00,0.16,231.15,8.18
MTR1003,2024-01-04 13:00:00,0.23,234.3,5.74
MTR1003,2024-01-04 14:00:00,0.64,227.44,8.48
MTR1003,2024-01-04 15:00:00,1.4,229.77,14.09
MTR1003,2024-01-04 16:00:00,0.12,233.73,9.28
MTR1003,2024-01-04 17:00:00,0.46,240.64,11.38
MTR1003,2024-01-04 18:00:00,0.41,223.53,10.47
MTR1003,2024-01-04 19:00:00,0.18,235.62,8.4
MTR1003,2024-01-04 20:00:00,0.48,238.65,10.6
MTR1003,2024-01-04 21:00:00,0.25,226.99,10.55
MTR1003,2024-01-04 22:00:00,1.45,224.02,9.92
MTR1003,2024-01-04 23:00:00,0.58,237.39,9.01
MTR1003,2024-01-05 00:00:00,1.14,225.71,10.49
MTR1003,2024-01-05 01:00:00,0.31,230.81,8.29
MTR1003,2024-01-05 02:00:00,1.33,224.03,9.53
MTR1003,2024-01-05 03:00:00,0.88,232.98,11.54
MTR1003,2024-01-05 04:00:00,1.33,225.72,8.76
MTR1003,2024-01-05 05:00:00,1.33,223.53,12.16
MTR1003,2024-01-05 06:00:00,1.14,232.17,12.37
MTR1003,2024-01-05 07:00:00,1.06,233.43,5.57
MTR1003,2024-01-05 08:00:00,0.83,231.15,10.47
MTR1003,2024-01-05 09:00:00,1.27,233.87,12.24
MTR1003,2024-01-05 10:00:00,1.16,229.47,12.44
MTR1003,2024-01-05 11:00:00,0.8,228.56,8.12
MTR1003,2024-01-05 12:00:00,1.0,226.61,11.34
MTR1003,2024-01-05 13:00:00,0.29,228.03,9.18
MTR1003,2024-01-05 14:00:00,0.64,234.9,9.49
MTR1003,2024-01-05 15:00:00,0.81,227.31,10.61
MTR1003,2024-01-05 16:00:00,0.42,228.78,10.22
MTR1003,2024-01-05 17:00:00,0.78,238.03,13.12
MTR1003,2024-01-05 18:00:00,0.13,235.45,7.16
MTR1003,2024-01-05 19:00:00,0.31,235.34,11.7
MTR1003,2024-01-05 20:00:00,1.47,232.77,9.01
MTR1003,2024-01-05 21:00:00,0.83,225.48,9.39
MTR1003,2024-01-05 22:00:00,1.13,226.81,7.38
MTR1003,2024-01-05 23:00:00,0.19,233.09,11.4
MTR1003,2024-01-06 00:00:00,1.13,225.6,8.92
MTR1003,2024-01-06 01:00:00,0.99,223.36,9.97
MTR1003,2024-01-06 02:00:00,1.06,231.52,7.25
MTR1003,2024-01-06 03:00:00,1.47,232.56,8.29
MTR1003,2024-01-06 04:00:00,0.92,238.4,11.47
MTR1003,2024-01-06 05:00:00,1.4,227.94,11.06
MTR1003,2024-01-06 06:00:00,0.63,223.0,4.39
MTR1003,2024-01-06 07:00:00,0.71,230.78,10.66
MTR1003,2024-01-06 08:00:00,0.98,230.5,10.29
MTR1003,2024-01-06 09:00:00,0.11,228.63,8.0
MTR1003,2024-01-06 10:00:00,1.39,228.4,9.96
MTR1003,2024-01-06 11:00:00,0.5,225.23,8.09
MTR1003,2024-01-06 12:00:00,1.2,229.67,10.49
MTR1003,2024-01-06 13:00:00,0.7,227.6,11.43
MTR1003,2024-01-06 14:00:00,0.32,235.27,14.07
MTR1003,2024-01-06 15:00:00,0.58,235.36,8.54
MTR1003,2024-01-06 16:00:00,0.22,233.93,8.22
MTR1003,2024-01-06 17:00:00,0.87,235.8,9.25
MTR1003,2024-01-06 18:00:00,1.2,229.48,14.71
MTR1003,2024-01-06 19:00:00,1.47,232.23,8.59
MTR1003,2024-01-06 20:00:00,0.37,223.65,7.85
MTR1003,2024-01-06 21:00:00,1.43,225.88,9.67
MTR1003,2024-01-06 22:00:00,1.06,231.87,10.07
MTR1003,2024-01-06 23:00:00,0.42,235.06,5.43
MTR1004,2024-01-01 00:00:00,1.21,240.87,11.88
MTR1004,2024-01-01 01:00:00,0.42,228.82,12.3
MTR1004,2024-01-01 02:00:00,0.3,224.38,11.3
MTR1004,2024-01-01 03:00:00,0.24,229.38,12.24
MTR1004,2024-01-01 04:00:00,1.15,234.72,8.62
MTR1004,2024-01-01 05:00:00,0.26,230.36,9.96
MTR1004,2024-01-01 06:00:00,1.21,219.33,9.93
MTR1004,2024-01-01 07:00:00,1.32,237.91,10.55
MTR1004,2024-01-01 08:00:00,1.16,225.13,10.92
MTR1004,2024-01-01 09:00:00,0.46,230.43,11.28
MTR1004,2024-01-01 10:00:00,1.15,239.14,14.04
MTR1004,2024-01-01 11:00:00,0.23,223.59,8.16
MTR1004,2024-01-01 12:00:00,0.65,227.41,12.42
MTR1004,2024-01-01 13:00:00,0.73,225.93,9.59
MTR1004,2024-01-01 14:00:00,0.72,227.36,8.98
MTR1004,2024-01-01 15:00:00,0.23,236.35,8.59
MTR1004,2024-01-01 16:00:00,0.49,235.25,7.24
MTR1004,2024-01-01 17:00:00,0.37,230.24,11.91
MTR1004,2024-01-01 18:00:00,0.73,223.86,10.43
MTR1004,2024-01-01 19:00:00,0.96,233.94,9.46
MTR1004,2024-01-01 20:00:00,0.34,242.72,10.37
MTR1004,2024-01-01 21:00:00,0.15,236.78,8.41
MTR1004,2024-01-01 22:00:00,1.25,235.02,8.74
MTR1004,2024-01-01 23:00:00,1.45,225.7,12.28
MTR1004,2024-01-02 00:00:00,1.48,224.71,9.92
MTR1004,2024-01-02 01:00:00,1.12,231.95,8.46
MTR1004,2024-01-02 02:00:00,0.23,227.38,7.49
MTR1004,2024-01-02 03:00:00,1.46,223.71,7.98
MTR1004,2024-01-02 04:00:00,1.39,231.43,9.14
MTR1004,2024-01-02 05:00:00,1.48,231.38,11.46
MTR1004,2024-01-02 06:00:00,0.54,233.68,8.87
MTR1004,2024-01-02 07:00:00,1.33,221.88,10.32
MTR1004,2024-01-02 08:00:00,0.26,231.22,9.08
MTR1004,2024-01-02 09:00:00,0.69,231.25,10.84
MTR1004,2024-01-02 10:00:00,0.37,224.29,14.03
MTR1004,2024-01-02 11:00:00,0.91,233.98,11.24
MTR1004,2024-01-02 12:00:00,1.28,227.55,10.59
MTR1004,2024-01-02 13:00:00,0.54,232.35,7.99
MTR1004,2024-01-02 14:00:00,1.49,234.34,9.24
MTR1004,2024-01-02 15:00:00,0.4,227.03,9.62
MTR1004,2024-01-02 16:00:00,1.17,237.29,8.97
MTR1004,2024-01-02 17:00:00,1.37,233.42,8.81
MTR1004,2024-01-02 18:00:00,0.18,231.41,11.49
MTR1004,2024-01-02 19:00:00,1.32,222.2,7.14
MTR1004,2024-01-02 20:00:00,0.42,225.24,9.39
MTR1004,2024-01-02 21:00:00,0.68,229.51,12.82
MTR1004,2024-01-02 22:00:00,0.13,227.97,9.87
MTR1004,2024-01-02 23:00:00,1.45,231.94,8.61
MTR1004,2024-01-03 00:00:00,1.46,232.7,11.77
MTR1004,2024-01-03 01:00:00,1.28,230.19,10.31
MTR1004,2024-01-03 02:00:00,0.88,232.85,14.47
MTR1004,2024-01-03 03:00:00,0.99,222.64,9.48
MTR1004,2024-01-03 04:00:00,0.27,229.4,9.56
MTR1004,2024-01-03 05:00:00,0.16,221.5,11.06
MTR1004,2024-01-03 06:00:00,1.25,233.28,13.06
MTR1004,2024-01-03 07:00:00,0.19,224.01,7.45
MTR1004,2024-01-03 08:00:00,1.48,232.8,14.51
MTR1004,2024-01-03 09:00:00,1.27,227.21,6.62
MTR1004,2024-01-03 10:00:00,0.47,231.77,12.79
MTR1004,2024-01-03 11:00:00,1.02,225.96,8.57
MTR1004,2024-01-03 12:00:00,0.78,230.91,13.42
MTR1004,2024-01-03 13:00:00,0.15,227.41,10.48
MTR1004,2024-01-03 14:00:00,1.37,224.4,9.78
MTR1004,2024-01-03 15:00:00,0.58,228.26,9.29
MTR1004,2024-01-03 16:00:00,1.43,237.16,9.46
MTR1004,2024-01-03 17:00:00,1.0,225.94,10.78
MTR1004,2024-01-03 18:00:00,0.43,225.52,8.14
MTR1004,2024-01-03 19:00:00,0.76,234.53,9.57
MTR1004,2024-01-03 20:00:00,0.1,230.53,9.06
MTR1004,2024-01-03 21:00:00,1.37,229.07,6.81
MTR1004,2024-01-03 22:00:00,0.73,241.48,8.99
MTR1004,2024-01-03 23:00:00,0.76,223.56,4.74
MTR1004,2024-01-04 00:00:00,0.93,235.8,10.24
MTR1004,2024-01-04 01:00:00,0.17,231.49,10.58
MTR1004,2024-01-04 02:00:00,0.5,218.08,7.12
MTR1004,2024-01-04 03:00:00,0.41,227.46,9.77
MTR1004,2024-01-04 04:00:00,0.49,227.1,11.71
MTR1004,2024-01-04 05:00:00,1.25,235.19,10.17
MTR1004,2024-01-04 06:00:00,0.9,229.68,8.82
MTR1004,2024-01-04 07:00:00,1.4,228.15,7.75
MTR1004,2024-01-04 08:00:00,1.12,231.72,11.54
MTR1004,2024-01-04 09:00:00,0.46,224.01,12.06
MTR1004,2024-01-04 10:00:00,1.11,234.05,11.07
MTR1004,2024-01-04 11:00:00,0.16,228.12,11.15
MTR1004,2024-01-04 12:00:00,1.03,232.94,12.17
MTR1004,2024-01-04 13:00:00,0.23,235.66,14.4
MTR1004,2024-01-04 14:00:00,1.36,221.63,8.21
MTR1004,2024-01-04 15:00:00,1.15,238.91,7.87
MTR1004,2024-01-04 16:00:00,1.01,231.16,11.83
MTR1004,2024-01-04 17:00:00,0.8,228.49,9.37
MTR1004,2024-01-04 18:00:00,0.99,231.05,13.37
MTR1004,2024-01-04 19:00:00,1.26,231.58,13.8
MTR1004,2024-01-04 20:00:00,0.73,229.07,8.46
MTR1004,2024-01-04 21:00:00,1.37,227.15,11.24
MTR1004,2024-01-04 22:00:00,0.75,235.24,9.33
MTR1004,2024-01-04 23:00:00,0.67,230.41,8.39
MTR1004,2024-01-05 00:00:00,1.31,222.95,10.93
MTR1004,2024-01-05 01:00:00,0.64,240.95,7.24
MTR1004,2024-01-05 02:00:00,1.16,229.61,9.31
MTR1004,2024-01-05 03:00:00,0.84,223.67,10.09
MTR1004,2024-01-05 04:00:00,1.0,229.23,10.86
MTR1004,2024-01-05 05:00:00,0.82,236.37,9.0
MTR1004,2024-01-05 06:00:00,0.93,236.11,10.22
MTR1004,2024-01-05 07:00:00,0.91,225.31,10.28
MTR1004,2024-01-05 08:00:00,0.33,230.14,10.84
MTR1004,2024-01-05 09:00:00,0.29,229.43,9.69
MTR1004,2024-01-05 10:00:00,1.4,221.16,7.1
MTR1004,2024-01-05 11:00:00,0.54,229.8,7.64
MTR1004,2024-01-05 12:00:00,0.28,227.93,12.14
MTR1004,2024-01-05 13:00:00,0.62,216.88,7.56
MTR1004,2024-01-05 14:00:00,1.49,225.69,10.19
MTR1004,2024-01-05 15:00:00,0.95,229.91,10.79
MTR1004,2024-01-05 16:00:00,0.85,227.42,8.65
MTR1004,2024-01-05 17:00:00,1.27,235.31,9.07
MTR1004,2024-01-05 18:00:00,1.09,230.15,7.36
MTR1004,2024-01-05 19:00:00,1.05,233.17,8.98
MTR1004,2024-01-05 20:00:00,0.86,231.47,7.63
MTR1004,2024-01-05 21:00:00,1.5,231.62,9.28
MTR1004,2024-01-05 22:00:00,0.39,233.55,11.71
MTR1004,2024-01-05 23:00:00,0.52,235.33,8.73
MTR1004,2024-01-06 00:00:00,0.75,226.53,10.91
MTR1004,2024-01-06 01:00:00,1.29,232.62,10.54
MTR1004,2024-01-06 02:00:00,0.29,238.32,13.12
MTR1004,2024-01-06 03:00:00,0.59,227.27,9.9
MTR1004,2024-01-06 04:00:00,1.14,226.61,10.15
MTR1004,2024-01-06 05:00:00,1.05,227.38,9.93
MTR1004,2024-01-06 06:00:00,1.46,230.09,11.31
MTR1004,2024-01-06 07:00:00,0.23,229.74,13.28
MTR1004,2024-01-06 08:00:00,0.52,246.27,7.51
MTR1004,2024-01-06 09:00:00,0.89,240.41,7.69
MTR1004,2024-01-06 10:00:00,1.39,236.81,8.34
MTR1004,2024-01-06 11:00:00,1.35,219.0,6.58
MTR1004,2024-01-06 12:00:00,0.94,236.4,10.76
MTR1004,2024-01-06 13:00:00,0.77,224.88,8.41
MTR1004,2024-01-06 14:00:00,0.54,234.43,11.58
MTR1004,2024-01-06 15:00:00,1.4,241.2,10.92
MTR1004,2024-01-06 16:00:00,1.0,227.36,12.03
MTR1004,2024-01-06 17:00:00,1.13,237.23,10.28
MTR1004,2024-01-06 18:00:00,1.49,229.38,9.29
MTR1004,2024-01-06 19:00:00,0.99,230.9,10.29
MTR1004,2024-01-06 20:00:00,1.08,228.89,8.25
MTR1004,2024-01-06 21:00:00,1.11,234.81,7.75
MTR1004,2024-01-06 22:00:00,0.13,232.35,6.29
MTR1004,2024-01-06 23:00:00,0.98,238.63,11.34
MTR1005,2024-01-01 00:00:00,0.11,226.42,10.67
MTR1005,2024-01-01 01:00:00,1.28,229.32,6.76
MTR1005,2024-01-01 02:00:00,0.3,234.91,12.47
MTR1005,2024-01-01 03:00:00,0.4,228.6,12.06
MTR1005,2024-01-01 04:00:00,0.51,227.65,8.6
MTR1005,2024-01-01 05:00:00,0.13,235.75,10.56
MTR1005,2024-01-01 06:00:00,0.87,227.97,7.23
MTR1005,2024-01-01 07:00:00,1.16,232.99,8.3
MTR1005,2024-01-01 08:00:00,1.31,236.5,9.63
MTR1005,2024-01-01 09:00:00,0.88,232.13,14.44
MTR1005,2024-01-01 10:00:00,0.75,226.17,7.93
MTR1005,2024-01-01 11:00:00,0.51,224.96,10.34
MTR1005,2024-01-01 12:00:00,1.38,226.52,13.11
MTR1005,2024-01-01 13:00:00,0.32,225.18,11.87
MTR1005,2024-01-01 14:00:00,0.66,233.53,11.86
MTR1005,2024-01-01 15:00:00,0.93,230.95,11.8
MTR1005,2024-01-01 16:00:00,0.75,232.4,9.65
MTR1005,2024-01-01 17:00:00,0.22,230.92,7.89
MTR1005,2024-01-01 18:00:00,1.31,234.29,10.3
MTR1005,2024-01-01 19:00:00,1.42,220.6,7.62
MTR1005,2024-01-01 20:00:00,1.41,226.25,10.68
MTR1005,2024-01-01 21:00:00,0.16,233.69,10.22
MTR1005,2024-01-01 22:00:00,1.28,225.79,10.82
MTR1005,2024-01-01 23:00:00,0.46,229.16,10.4
MTR1005,2024-01-02 00:00:00,0.49,231.91,8.39
MTR1005,2024-01-02 01:00:00,1.42,229.07,6.52
MTR1005,2024-01-02 02:00:00,0.99,217.87,9.94
MTR1005,2024-01-02 03:00:00,1.31,225.02,9.88
MTR1005,2024-01-02 04:00:00,0.99,228.57,10.65
MTR1005,2024-01-02 05:00:00,0.87,238.11,8.76
MTR1005,2024-01-02 06:00:00,0.62,231.96,11.26
MTR1005,2024-01-02 07:00:00,1.01,233.24,11.51
MTR1005,2024-01-02 08:00:00,0.15,233.36,9.67
MTR1005,2024-01-02 09:00:00,0.28,230.69,9.32
MTR1005,2024-01-02 10:00:00,0.76,225.96,10.31
MTR1005,2024-01-02 11:00:00,0.16,235.01,11.03
MTR1005,2024-01-02 12:00:00,1.19,225.37,10.2
MTR1005,2024-01-02 13:00:00,1.06,231.46,9.63
MTR1005,2024-01-02 14:00:00,1.27,230.88,10.16
MTR1005,2024-01-02 15:00:00,0.14,225.7,12.39
MTR1005,2024-01-02 16:00:00,1.37,234.57,8.1
MTR1005,2024-01-02 17:00:00,1.33,229.45,9.02
MTR1005,2024-01-02 18:00:00,1.17,221.52,9.34
MTR1005,2024-01-02 19:00:00,0.41,226.18,10.27
MTR1005,2024-01-02 20:00:00,0.64,224.37,9.06
MTR1005,2024-01-02 21:00:00,0.71,223.97,7.44
MTR1005,2024-01-02 22:00:00,1.13,233.14,7.55
MTR1005,2024-01-02 23:00:00,0.9,239.41,11.57
MTR1005,2024-01-03 00:00:00,0.87,231.78,11.54
MTR1005,2024-01-03 01:00:00,0.87,231.86,12.31
MTR1005,2024-01-03 02:00:00,0.51,227.64,9.2
MTR1005,2024-01-03 03:00:00,1.36,231.56,10.3
MTR1005,2024-01-03 04:00:00,0.94,226.47,9.91
MTR1005,2024-01-03 05:00:00,1.04,230.76,10.05
MTR1005,2024-01-03 06:00:00,0.43,240.63,10.87
MTR1005,2024-01-03 07:00:00,1.0,237.35,10.65
MTR1005,2024-01-03 08:00:00,0.39,233.84,12.9
MTR1005,2024-01-03 09:00:00,1.35,227.7,11.73
MTR1005,2024-01-03 10:00:00,0.49,230.11,10.76
MTR1005,2024-01-03 11:00:00,1.37,232.19,7.94
MTR1005,2024-01-03 12:00:00,1.23,229.24,10.83
MTR1005,2024-01-03 13:00:00,1.11,226.47,10.12
MTR1005,2024-01-03 14:00:00,1.07,232.25,10.4
MTR1005,2024-01-03 15:00:00,0.8,221.55,8.56
MTR1005,2024-01-03 16:00:00,1.17,232.28,9.7
MTR1005,2024-01-03 17:00:00,1.45,233.27,10.37
MTR1005,2024-01-03 18:00:00,1.17,223.46,10.38
MTR1005,2024-01-03 19:00:00,0.74,235.44,10.36
MTR1005,2024-01-03 20:00:00,0.77,231.51,11.38
MTR1005,2024-01-03 21:00:00,0.29,230.05,10.37
MTR1005,2024-01-03 22:00:00,0.65,226.19,10.62
MTR1005,2024-01-03 23:00:00,0.99,217.05,9.9
MTR1005,2024-01-04 00:00:00,1.43,222.45,10.24
MTR1005,2024-01-04 01:00:00,0.74,225.89,12.63
MTR1005,2024-01-04 02:00:00,1.08,232.63,9.76
MTR1005,2024-01-04 03:00:00,1.45,235.25,9.36
MTR1005,2024-01-04 04:00:00,1.18,224.71,8.5
MTR1005,2024-01-04 05:00:00,0.74,232.81,10.83
MTR1005,2024-01-04 06:00:00,0.94,232.32,11.09
MTR1005,2024-01-04 07:00:00,0.63,236.83,10.47
MTR1005,2024-01-04 08:00:00,0.16,227.55,10.94
MTR1005,2024-01-04 09:00:00,0.82,226.96,11.52
MTR1005,2024-01-04 10:00:00,0.44,234.42,9.56
MTR1005,2024-01-04 11:00:00,0.1,247.48,7.07
MTR1005,2024-01-04 12:00:00,0.77,226.34,10.48
MTR1005,2024-01-04 13:00:00,0.15,229.58,8.66
MTR1005,2024-01-04 14:00:00,0.49,236.22,6.17
MTR1005,2024-01-04 15:00:00,0.68,225.98,11.49
MTR1005,2024-01-04 16:00:00,1.44,232.21,8.27
MTR1005,2024-01-04 17:00:00,0.41,238.42,8.95
MTR1005,2024-01-04 18:00:00,0.89,220.88,8.48
MTR1005,2024-01-04 19:00:00,1.28,228.91,7.78
MTR1005,2024-01-04 20:00:00,1.37,228.42,12.21
MTR1005,2024-01-04 21:00:00,1.17,222.91,10.43
MTR1005,2024-01-04 22:00:00,0.46,233.73,6.75
MTR1005,2024-01-04 23:00:00,0.15,223.09,12.77
MTR1005,2024-01-05 00:00:00,0.51,229.46,12.07
MTR1005,2024-01-05 01:00:00,0.23,234.5,11.49
MTR1005,2024-01-05 02:00:00,0.59,230.32,12.62
MTR1005,2024-01-05 03:00:00,0.75,229.16,11.33
MTR1005,2024-01-05 04:00:00,0.87,242.11,11.72
MTR1005,2024-01-05 05:00:00,0.19,236.83,8.31
MTR1005,2024-01-05 06:00:00,0.38,234.97,9.67
MTR1005,2024-01-05 07:00:00,0.17,227.03,8.07
MTR1005,2024-01-05 08:00:00,1.12,224.58,13.63
MTR1005,2024-01-05 09:00:00,1.16,234.27,10.47
MTR1005,2024-01-05 10:00:00,1.25,225.73,8.15
MTR1005,2024-01-05 11:00:00,0.28,223.12,9.07
MTR1005,2024-01-05 12:00:00,1.17,224.14,10.28
MTR1005,2024-01-05 13:00:00,0.63,237.49,8.99
MTR1005,2024-01-05 14:00:00,0.13,230.67,6.5
MTR1005,2024-01-05 15:00:00,0.48,228.38,14.6
MTR1005,2024-01-05 16:00:00,0.61,230.72,10.98
MTR1005,2024-01-05 17:00:00,0.28,237.28,10.62
MTR1005,2024-01-05 18:00:00,1.09,223.97,9.64
MTR1005,2024-01-05 19:00:00,0.35,227.91,11.88
MTR1005,2024-01-05 20:00:00,0.14,233.21,7.77
MTR1005,2024-01-05 21:00:00,0.32,231.56,9.1
MTR1005,2024-01-05 22:00:00,1.04,238.17,5.71
MTR1005,2024-01-05 23:00:00,0.54,236.46,3.23
MTR1005,2024-01-06 00:00:00,0.64,228.0,10.6
MTR1005,2024-01-06 01:00:00,1.22,235.38,10.73
MTR1005,2024-01-06 02:00:00,0.24,230.27,15.85
MTR1005,2024-01-06 03:00:00,1.09,241.45,13.86
MTR1005,2024-01-06 04:00:00,0.7,229.1,6.1
MTR1005,2024-01-06 05:00:00,0.27,230.94,10.46
MTR1005,2024-01-06 06:00:00,1.05,222.55,12.03
MTR1005,2024-01-06 07:00:00,1.24,226.09,10.01
MTR1005,2024-01-06 08:00:00,0.54,230.14,10.2
MTR1005,2024-01-06 09:00:00,0.45,228.04,9.15
MTR1005,2024-01-06 10:00:00,0.13,223.87,9.13
MTR1005,2024-01-06 11:00:00,0.68,229.44,11.41
MTR1005,2024-01-06 12:00:00,1.33,222.84,11.19
MTR1005,2024-01-06 13:00:00,0.6,228.77,8.77
MTR1005,2024-01-06 14:00:00,1.05,230.82,9.92
MTR1005,2024-01-06 15:00:00,1.2,227.21,10.68
MTR1005,2024-01-06 16:00:00,1.19,232.37,12.67
MTR1005,2024-01-06 17:00:00,1.49,232.12,9.66
MTR1005,2024-01-06 18:00:00,1.38,229.86,9.47
MTR1005,2024-01-06 19:00:00,1.47,230.57,8.12
MTR1005,2024-01-06 20:00:00,1.47,223.31,10.48
MTR1005,2024-01-06 21:00:00,0.92,230.48,7.11
MTR1005,2024-01-06 22:00:00,0.2,231.95,14.91
MTR1005,2024-01-06 23:00:00,1.14,234.01,14.22
MTR1006,2024-01-01 00:00:00,1.07,231.43,7.87
MTR1006,2024-01-01 01:00:00,0.34,238.83,8.74
MTR1006,2024-01-01 02:00:00,0.74,230.57,8.25
MTR1006,2024-01-01 03:00:00,1.0,225.48,12.91
MTR1006,2024-01-01 04:00:00,0.89,239.74,8.88
MTR1006,2024-01-01 05:00:00,0.92,221.76,10.34
MTR1006,2024-01-01 06:00:00,0.1,240.78,8.04
MTR1006,2024-01-01 07:00:00,0.4,232.99,12.6
MTR1006,2024-01-01 08:00:00,0.62,230.71,9.0
MTR1006,2024-01-01 09:00:00,0.64,230.35,11.45
MTR1006,2024-01-01 10:00:00,1.42,233.61,8.21
MTR1006,2024-01-01 11:00:00,0.96,225.84,11.4
MTR1006,2024-01-01 12:00:00,1.03,238.5,9.97
MTR1006,2024-01-01 13:00:00,0.56,231.75,10.6
MTR1006,2024-01-01 14:00:00,1.24,215.9,11.16
MTR1006,2024-01-01 15:00:00,1.49,231.32,6.95
MTR1006,2024-01-01 16:00:00,1.04,225.21,11.3
MTR1006,2024-01-01 17:00:00,1.02,225.13,6.25
MTR1006,2024-01-01 18:00:00,0.4,237.98,13.27
MTR1006,2024-01-01 19:00:00,0.62,233.84,9.33
MTR1006,2024-01-01 20:00:00,0.64,220.86,9.89
MTR1006,2024-01-01 21:00:00,1.2,231.65,5.02
MTR1006,2024-01-01 22:00:00,0.45,228.03,12.94
MTR1006,2024-01-01 23:00:00,0.39,227.02,12.15
MTR1006,2024-01-02 00:00:00,1.31,235.0,9.53
MTR1006,2024-01-02 01:00:00,0.99,229.99,12.54
MTR1006,2024-01-02 02:00:00,0.85,231.91,9.04
MTR1006,2024-01-02 03:00:00,0.69,237.5,10.0
MTR1006,2024-01-02 04:00:00,0.94,231.98,7.37
MTR1006,2024-01-02 05:00:00,0.67,227.63,9.94
MTR1006,2024-01-02 06:00:00,0.39,234.89,7.99
MTR1006,2024-01-02 07:00:00,0.12,233.69,9.68
MTR1006,2024-01-02 08:00:00,0.26,237.44,10.17
MTR1006,2024-01-02 09:00:00,1.42,234.28,11.92
MTR1006,2024-01-02 10:00:00,1.26,236.8,9.52
MTR1006,2024-01-02 11:00:00,0.11,229.48,11.56
MTR1006,2024-01-02 12:00:00,0.87,234.29,8.27
MTR1006,2024-01-02 13:00:00,0.21,230.55,10.25
MTR1006,2024-01-02 14:00:00,0.4,232.81,11.21
MTR1006,2024-01-02 15:00:00,0.99,222.95,8.44
MTR1006,2024-01-02 16:00:00,0.42,233.19,9.43
MTR1006,2024-01-02 17:00:00,0.21,227.63,12.07
MTR1006,2024-01-02 18:00:00,0.83,231.42,10.44
MTR1006,2024-01-02 19:00:00,0.58,218.18,7.89
MTR1006,2024-01-02 20:00:00,0.12,228.16,6.33
MTR1006,2024-01-02 21:00:00,0.68,226.16,12.96
MTR1006,2024-01-02 22:00:00,0.79,237.97,9.07
MTR1006,2024-01-02 23:00:00,1.31,237.31,10.32
MTR1006,2024-01-03 00:00:00,0.52,219.69,11.1
MTR1006,2024-01-03 01:00:00,0.68,232.86,10.7
MTR1006,2024-01-03 02:00:00,0.27,235.59,13.67
MTR1006,2024-01-03 03:00:00,0.27,226.65,7.96
MTR1006,2024-01-03 04:00:00,0.33,225.92,8.2
MTR1006,2024-01-03 05:00:00,0.57,232.24,13.11
MTR1006,2024-01-03 06:00:00,1.48,237.49,8.99
MTR1006,2024-01-03 07:00:00,1.32,225.77,13.44
MTR1006,2024-01-03 08:00:00,1.16,226.91,7.88
MTR1006,2024-01-03 09:00:00,0.87,228.21,10.11
MTR1006,2024-01-03 10:00:00,1.42,229.79,13.86
MTR1006,2024-01-03 11:00:00,1.41,231.77,9.91
MTR1006,2024-01-03 12:00:00,0.82,231.46,9.15
MTR1006,2024-01-03 13:00:00,1.05,232.69,12.67
MTR1006,2024-01-03 14:00:00,1.3,225.47,13.42
MTR1006,2024-01-03 15:00:00,1.34,233.63,8.12
MTR1006,2024-01-03 16:00:00,1.33,234.58,12.15
MTR1006,2024-01-03 17:00:00,1.15,235.32,9.8
MTR1006,2024-01-03 18:00:00,0.38,228.06,8.65
MTR1006,2024-01-03 19:00:00,0.84,236.66,10.09
MTR1006,2024-01-03 20:00:00,0.67,228.37,9.98
MTR1006,2024-01-03 21:00:00,0.67,225.51,8.65
MTR1006,2024-01-03 22:00:00,0.16,223.31,9.83
MTR1006,2024-01-03 23:00:00,1.14,230.77,12.36
MTR1006,2024-01-04 00:00:00,1.47,233.93,4.17
MTR1006,2024-01-04 01:00:00,1.48,229.66,8.86
MTR1006,2024-01-04 02:00:00,0.2,233.52,12.98
MTR1006,2024-01-04 03:00:00,1.09,222.74,7.21
MTR1006,2024-01-04 04:00:00,0.16,232.91,9.59
MTR1006,2024-01-04 05:00:00,0.63,231.58,10.61
MTR1006,2024-01-04 06:00:00,0.62,226.18,10.5
MTR1006,2024-01-04 07:00:00,0.25,230.52,8.84
MTR1006,2024-01-04 08:00:00,0.7,236.03,15.5
MTR1006,2024-01-04 09:00:00,0.59,235.63,11.55
MTR1006,2024-01-04 10:00:00,0.12,233.34,8.16
MTR1006,2024-01-04 11:00:00,0.64,223.84,12.61
MTR1006,2024-01-04 12:00:00,0.65,227.56,8.62
MTR1006,2024-01-04 13:00:00,0.95,237.35,9.28
MTR1006,2024-01-04 14:00:00,1.29,237.95,10.51
MTR1006,2024-01-04 15:00:00,0.53,238.2,8.69
MTR1006,2024-01-04 16:00:00,0.64,223.72,10.71
MTR1006,2024-01-04 17:00:00,0.94,234.71,11.72
MTR1006,2024-01-04 18:00:00,0.88,224.8,10.48
MTR1006,2024-01-04 19:00:00,0.72,232.83,9.88
MTR1006,2024-01-04 20:00:00,0.7,238.15,14.84
MTR1006,2024-01-04 21:00:00,0.99,225.93,11.47
MTR1006,2024-01-04 22:00:00,0.84,229.27,12.58
MTR1006,2024-01-04 23:00:00,0.49,235.2,10.99
MTR1006,2024-01-05 00:00:00,0.19,233.07,11.06
MTR1006,2024-01-05 01:00:00,0.75,233.7,11.63
MTR1006,2024-01-05 02:00:00,0.31,229.05,7.03
MTR1006,2024-01-05 03:00:00,0.47,234.68,9.59
MTR1006,2024-01-05 04:00:00,1.25,234.9,10.71
MTR1006,2024-01-05 05:00:00,1.2,223.21,9.35
MTR1006,2024-01-05 06:00:00,0.82,227.8,13.27
MTR1006,2024-01-05 07:00:00,1.03,231.17,9.23
MTR1006,2024-01-05 08:00:00,1.24,242.25,7.65
MTR1006,2024-01-05 09:00:00,0.53,230.86,9.86
MTR1006,2024-01-05 10:00:00,1.35,228.52,12.2
MTR1006,2024-01-05 11:00:00,0.12,228.82,8.94
MTR1006,2024-01-05 12:00:00,0.12,224.84,12.23
MTR1006,2024-01-05 13:00:00,0.29,228.98,10.01
MTR1006,2024-01-05 14:00:00,1.41,221.24,6.94
MTR1006,2024-01-05 15:00:00,0.65,230.97,8.79
MTR1006,2024-01-05 16:00:00,1.13,225.81,10.82
MTR1006,2024-01-05 17:00:00,0.91,235.27,10.4
MTR1006,2024-01-05 18:00:00,0.63,236.95,6.99
MTR1006,2024-01-05 19:00:00,0.99,217.41,7.28
MTR1006,2024-01-05 20:00:00,0.79,229.4,12.25
MTR1006,2024-01-05 21:00:00,1.42,233.27,10.01
MTR1006,2024-01-05 22:00:00,1.27,234.69,9.29
MTR1006,2024-01-05 23:00:00,0.25,231.01,11.3
MTR1006,2024-01-06 00:00:00,0.18,230.89,10.11
MTR1006,2024-01-06 01:00:00,0.2,238.04,10.71
MTR1006,2024-01-06 02:00:00,1.23,223.32,9.22
MTR1006,2024-01-06 03:00:00,0.16,223.4,14.47
MTR1006,2024-01-06 04:00:00,1.43,230.85,9.2
MTR1006,2024-01-06 05:00:00,0.13,229.1,7.46
MTR1006,2024-01-06 06:00:00,0.74,232.95,10.53
MTR1006,2024-01-06 07:00:00,0.99,235.92,10.6
MTR1006,2024-01-06 08:00:00,1.0,230.86,9.4
MTR1006,2024-01-06 09:00:00,0.23,238.14,11.51
MTR1006,2024-01-06 10:00:00,0.19,230.82,9.79
MTR1006,2024-01-06 11:00:00,0.96,234.05,7.84
MTR1006,2024-01-06 12:00:00,0.94,232.21,10.0
MTR1006,2024-01-06 13:00:00,1.06,236.06,8.99
MTR1006,2024-01-06 14:00:00,1.34,228.73,9.36
MTR1006,2024-01-06 15:00:00,0.4,234.33,13.22
MTR1006,2024-01-06 16:00:00,0.97,228.23,8.27
MTR1006,2024-01-06 17:00:00,0.71,238.18,7.99
MTR1006,2024-01-06 18:00:00,1.35,232.47,6.31
MTR1006,2024-01-06 19:00:00,1.21,224.03,9.4
MTR1006,2024-01-06 20:00:00,0.76,229.44,8.46
MTR1006,2024-01-06 21:00:00,0.84,227.94,9.03
MTR1006,2024-01-06 22:00:00,0.98,227.76,12.18
MTR1006,2024-01-06 23:00:00,0.6,234.26,13.0
MTR1007,2024-01-01 00:00:00,0.32,237.56,9.77
MTR1007,2024-01-01 01:00:00,0.53,230.58,9.8
MTR1007,2024-01-01 02:00:00,0.72,229.8,10.38
MTR1007,2024-01-01 03:00:00,1.1,225.68,7.23
MTR1007,2024-01-01 04:00:00,0.37,233.15,5.92
MTR1007,2024-01-01 05:00:00,1.49,224.6,11.18
MTR1007,2024-01-01 06:00:00,0.16,230.87,7.92
MTR1007,2024-01-01 07:00:00,1.17,217.28,13.97
MTR1007,2024-01-01 08:00:00,1.02,239.21,11.17
MTR1007,2024-01-01 09:00:00,1.02,231.03,9.48
MTR1007,2024-01-01 10:00:00,0.27,226.43,13.38
MTR1007,2024-01-01 11:00:00,0.82,230.21,12.69
MTR1007,2024-01-01 12:00:00,1.13,235.49,10.08
MTR1007,2024-01-01 13:00:00,0.66,225.61,11.92
MTR1007,2024-01-01 14:00:00,0.28,228.92,10.46
MTR1007,2024-01-01 15:00:00,1.3,217.13,9.49
MTR1007,2024-01-01 16:00:00,1.36,236.91,13.75
MTR1007,2024-01-01 17:00:00,0.88,236.23,8.88
MTR1007,2024-01-01 18:00:00,0.45,236.19,8.25
MTR1007,2024-01-01 19:00:00,0.9,242.4,14.53
MTR1007,2024-01-01 20:00:00,0.92,233.35,12.73
MTR1007,2024-01-01 21:00:00,0.94,229.26,8.93
MTR1007,2024-01-01 22:00:00,0.42,231.93,6.67
MTR1007,2024-01-01 23:00:00,0.38,225.0,8.43
MTR1007,2024-01-02 00:00:00,1.43,230.71,11.15
MTR1007,2024-01-02 01:00:00,1.39,232.15,12.73
MTR1007,2024-01-02 02:00:00,0.11,233.71,12.0
MTR1007,2024-01-02 03:00:00,0.96,230.4,13.22
MTR1007,2024-01-02 04:00:00,1.09,229.13,11.21
MTR1007,2024-01-02 05:00:00,1.09,240.12,9.44
MTR1007,2024-01-02 06:00:00,1.17,230.66,9.19
MTR1007,2024-01-02 07:00:00,0.42,228.11,14.05
MTR1007,2024-01-02 08:00:00,1.18,231.53,8.18
MTR1007,2024-01-02 09:00:00,0.49,226.11,11.39
MTR1007,2024-01-02 10:00:00,0.57,237.66,9.62
MTR1007,2024-01-02 11:00:00,1.38,234.41,13.11
MTR1007,2024-01-02 12:00:00,0.38,230.5,8.71
MTR1007,2024-01-02 13:00:00,1.01,231.39,7.15
MTR1007,2024-01-02 14:00:00,1.3,222.83,7.89
MTR1007,2024-01-02 15:00:00,1.15,225.83,9.72
MTR1007,2024-01-02 16:00:00,0.5,221.63,8.69
MTR1007,2024-01-02 17:00:00,0.57,236.04,13.41
MTR1007,2024-01-02 18:00:00,1.01,226.96,8.17
MTR1007,2024-01-02 19:00:00,0.97,230.8,15.07
MTR1007,2024-01-02 20:00:00,0.59,228.74,11.3
MTR1007,2024-01-02 21:00:00,0.74,232.35,13.9
MTR1007,2024-01-02 22:00:00,0.59,236.95,9.39
MTR1007,2024-01-02 23:00:00,0.49,227.86,8.36
MTR1007,2024-01-03 00:00:00,1.29,231.64,10.06
MTR1007,2024-01-03 01:00:00,1.41,223.06,9.57
MTR1007,2024-01-03 02:00:00,0.33,233.99,8.03
MTR1007,2024-01-03 03:00:00,0.48,226.78,6.01
MTR1007,2024-01-03 04:00:00,1.38,223.43,11.71
MTR1007,2024-01-03 05:00:00,0.35,226.75,9.31
MTR1007,2024-01-03 06:00:00,1.42,229.02,12.96
MTR1007,2024-01-03 07:00:00,1.31,234.2,8.06
MTR1007,2024-01-03 08:00:00,1.3,236.36,8.59
MTR1007,2024-01-03 09:00:00,0.51,226.86,9.36
MTR1007,2024-01-03 10:00:00,0.72,230.74,10.15
MTR1007,2024-01-03 11:00:00,0.95,231.13,10.51
MTR1007,2024-01-03 12:00:00,0.34,224.85,9.92
MTR1007,2024-01-03 13:00:00,1.06,233.88,12.74
MTR1007,2024-01-03 14:00:00,0.92,221.99,7.57
MTR1007,2024-01-03 15:00:00,0.16,225.44,10.38
MTR1007,2024-01-03 16:00:00,1.32,239.48,10.44
MTR1007,2024-01-03 17:00:00,0.68,233.32,10.18
MTR1007,2024-01-03 18:00:00,0.22,234.07,8.57
MTR1007,2024-01-03 19:00:00,0.24,228.96,8.72
MTR1007,2024-01-03 20:00:00,0.23,222.88,10.89
MTR1007,2024-01-03 21:00:00,1.35,233.48,11.98
MTR1007,2024-01-03 22:00:00,0.96,228.18,10.95
MTR1007,2024-01-03 23:00:00,1.32,233.39,11.58
MTR1007,2024-01-04 00:00:00,0.89,227.7,6.95
MTR1007,2024-01-04 01:00:00,1.21,227.13,9.16
MTR1007,2024-01-04 02:00:00,0.26,230.12,9.06
MTR1007,2024-01-04 03:00:00,0.41,230.15,10.39
MTR1007,2024-01-04 04:00:00,0.29,233.22,10.61
MTR1007,2024-01-04 05:00:00,1.14,227.56,10.84
MTR1007,2024-01-04 06:00:00,0.17,224.08,10.39
MTR1007,2024-01-04 07:00:00,1.27,233.49,9.52
MTR1007,2024-01-04 08:00:00,0.89,228.49,9.47
MTR1007,2024-01-04 09:00:00,0.91,233.75,11.4
MTR1007,2024-01-04 10:00:00,0.49,227.33,10.45
MTR1007,2024-01-04 11:00:00,0.69,233.2,10.3
MTR1007,2024-01-04 12:00:00,0.54,233.82,7.52
MTR1007,2024-01-04 13:00:00,0.97,232.69,9.58
MTR1007,2024-01-04 14:00:00,1.28,226.4,8.48
MTR1007,2024-01-04 15:00:00,0.82,235.16,12.69
MTR1007,2024-01-04 16:00:00,0.42,232.05,10.34
MTR1007,2024-01-04 17:00:00,0.17,226.82,6.28
MTR1007,2024-01-04 18:00:00,1.36,229.68,11.06
MTR1007,2024-01-04 19:00:00,1.15,241.67,13.91
MTR1007,2024-01-04 20:00:00,0.49,226.47,8.12
MTR1007,2024-01-04 21:00:00,0.88,227.81,8.92
MTR1007,2024-01-04 22:00:00,0.83,227.29,10.56
MTR1007,2024-01-04 23:00:00,0.54,234.47,9.01
MTR1007,2024-01-05 00:00:00,0.17,218.72,8.67
MTR1007,2024-01-05 01:00:00,0.54,227.49,9.47
MTR1007,2024-01-05 02:00:00,0.54,224.17,5.77
MTR1007,2024-01-05 03:00:00,1.35,231.27,9.26
MTR1007,2024-01-05 04:00:00,0.8,222.16,9.17
MTR1007,2024-01-05 05:00:00,0.87,232.5,9.44
MTR1007,2024-01-05 06:00:00,0.4,230.77,11.98
MTR1007,2024-01-05 07:00:00,1.26,235.01,12.17
MTR1007,2024-01-05 08:00:00,0.55,226.39,8.67
MTR1007,2024-01-05 09:00:00,1.3,228.81,12.57
MTR1007,2024-01-05 10:00:00,0.29,237.44,7.06
MTR1007,2024-01-05 11:00:00,0.74,229.11,7.27
MTR1007,2024-01-05 12:00:00,0.7,225.18,8.75
MTR1007,2024-01-05 13:00:00,0.19,229.02,11.9
MTR1007,2024-01-05 14:00:00,0.8,230.93,7.89
MTR1007,2024-01-05 15:00:00,0.72,233.27,11.73
MTR1007,2024-01-05 16:00:00,1.07,235.42,8.87
MTR1007,2024-01-05 17:00:00,0.17,227.7,8.09
MTR1007,2024-01-05 18:00:00,0.21,233.18,8.98
MTR1007,2024-01-05 19:00:00,1.43,224.61,8.21
MTR1007,2024-01-05 20:00:00,0.49,229.21,9.95
MTR1007,2024-01-05 21:00:00,1.3,226.54,12.09
MTR1007,2024-01-05 22:00:00,0.45,225.15,12.82
MTR1007,2024-01-05 23:00:00,0.89,242.15,12.6
MTR1007,2024-01-06 00:00:00,1.15,230.2,7.79
MTR1007,2024-01-06 01:00:00,0.37,229.08,8.33
MTR1007,2024-01-06 02:00:00,0.33,226.5,7.87
MTR1007,2024-01-06 03:00:00,0.46,222.79,11.71
MTR1007,2024-01-06 04:00:00,0.49,236.06,7.5
MTR1007,2024-01-06 05:00:00,1.32,234.02,11.83
MTR1007,2024-01-06 06:00:00,0.78,232.51,13.69
MTR1007,2024-01-06 07:00:00,0.4,226.65,8.08
MTR1007,2024-01-06 08:00:00,1.38,238.43,10.68
MTR1007,2024-01-06 09:00:00,0.59,225.05,9.51
MTR1007,2024-01-06 10:00:00,0.34,231.57,12.42
MTR1007,2024-01-06 11:00:00,0.57,226.88,11.49
MTR1007,2024-01-06 12:00:00,1.47,223.53,7.53
MTR1007,2024-01-06 13:00:00,0.54,234.31,10.68
MTR1007,2024-01-06 14:00:00,1.21,230.72,7.74
MTR1007,2024-01-06 15:00:00,0.25,230.64,9.25
MTR1007,2024-01-06 16:00:00,0.85,231.23,4.09
MTR1007,2024-01-06 17:00:00,0.26,227.68,7.93
MTR1007,2024-01-06 18:00:00,1.17,241.33,10.23
MTR1007,2024-01-06 19:00:00,1.48,228.17,13.0
MTR1007,2024-01-06 20:00:00,0.73,237.7,12.21
MTR1007,2024-01-06 21:00:00,0.8,229.39,10.07
MTR1007,2024-01-06 22:00:00,0.7,226.71,9.22
MTR1007,2024-01-06 23:00:00,0.24,232.78,14.86
MTR1008,2024-01-01 00:00:00,0.46,225.67,3.52
MTR1008,2024-01-01 01:00:00,0.37,235.89,11.27
MTR1008,2024-01-01 02:00:00,1.21,231.42,14.99
MTR1008,2024-01-01 03:00:00,0.19,227.4,9.46
MTR1008,2024-01-01 04:00:00,1.45,233.42,9.89
MTR1008,2024-01-01 05:00:00,0.55,236.19,12.62
MTR1008,2024-01-01 06:00:00,0.45,224.18,11.22
MTR1008,2024-01-01 07:00:00,0.27,226.71,10.68
MTR1008,2024-01-01 08:00:00,1.5,231.84,7.53
MTR1008,2024-01-01 09:00:00,0.68,235.98,10.96
MTR1008,2024-01-01 10:00:00,1.28,237.65,9.81
MTR1008,2024-01-01 11:00:00,1.04,229.7,13.58
MTR1008,2024-01-01 12:00:00,0.99,227.9,12.52
MTR1008,2024-01-01 13:00:00,1.23,224.16,10.64
MTR1008,2024-01-01 14:00:00,0.13,233.58,5.79
MTR1008,2024-01-01 15:00:00,1.28,231.32,9.35
MTR1008,2024-01-01 16:00:00,1.31,230.67,9.74
MTR1008,2024-01-01 17:00:00,1.49,234.41,11.4
MTR1008,2024-01-01 18:00:00,1.49,222.04,11.75
MTR1008,2024-01-01 19:00:00,1.27,236.52,13.68
MTR1008,2024-01-01 20:00:00,0.46,228.83,10.29
MTR1008,2024-01-01 21:00:00,1.39,225.99,9.25
MTR1008,2024-01-01 22:00:00,0.72,230.43,9.57
MTR1008,2024-01-01 23:00:00,1.36,231.01,9.52
MTR1008,2024-01-02 00:00:00,1.39,229.58,3.62
MTR1008,2024-01-02 01:00:00,0.55,231.44,11.57
MTR1008,2024-01-02 02:00:00,0.5,233.18,9.35
MTR1008,2024-01-02 03:00:00,0.12,232.92,6.19
MTR1008,2024-01-02 04:00:00,0.31,230.62,11.85
MTR1008,2024-01-02 05:00:00,1.24,237.79,7.83
MTR1008,2024-01-02 06:00:00,1.48,227.3,7.31
MTR1008,2024-01-02 07:00:00,0.77,226.02,9.63
MTR1008,2024-01-02 08:00:00,0.19,229.55,11.95
MTR1008,2024-01-02 09:00:00,0.55,220.06,9.49
MTR1008,2024-01-02 10:00:00,0.78,231.36,12.11
MTR1008,2024-01-02 11:00:00,1.07,236.74,8.47
MTR1008,2024-01-02 12:00:00,1.03,230.95,8.01
MTR1008,2024-01-02 13:00:00,0.46,228.38,12.66
MTR1008,2024-01-02 14:00:00,1.49,230.59,9.66
MTR1008,2024-01-02 15:00:00,1.04,226.23,12.1
MTR1008,2024-01-02 16:00:00,0.79,226.82,11.41
MTR1008,2024-01-02 17:00:00,0.42,236.2,15.37
MTR1008,2024-01-02 18:00:00,0.5,224.71,8.08
MTR1008,2024-01-02 19:00:00,1.18,235.09,10.93
MTR1008,2024-01-02 20:00:00,1.47,226.25,9.91
MTR1008,2024-01-02 21:00:00,0.17,231.9,9.64
MTR1008,2024-01-02 22:00:00,0.83,226.63,6.95
MTR1008,2024-01-02 23:00:00,0.94,225.17,10.85
MTR1008,2024-01-03 00:00:00,1.47,224.48,10.27
MTR1008,2024-01-03 01:00:00,1.35,226.5,12.32
MTR1008,2024-01-03 02:00:00,1.42,238.64,10.44
MTR1008,2024-01-03 03:00:00,1.39,233.13,10.37
MTR1008,2024-01-03 04:00:00,1.05,225.11,7.1
MTR1008,2024-01-03 05:00:00,0.87,226.73,12.08
MTR1008,2024-01-03 06:00:00,0.91,235.33,8.96
MTR1008,2024-01-03 07:00:00,0.75,229.99,8.56
MTR1008,2024-01-03 08:00:00,0.25,229.32,12.12
MTR1008,2024-01-03 09:00:00,1.48,225.95,14.44
MTR1008,2024-01-03 10:00:00,0.66,218.63,7.61
MTR1008,2024-01-03 11:00:00,1.12,228.52,9.28
MTR1008,2024-01-03 12:00:00,0.35,230.91,6.58
MTR1008,2024-01-03 13:00:00,0.26,227.99,11.46
MTR1008,2024-01-03 14:00:00,0.33,228.99,10.15
MTR1008,2024-01-03 15:00:00,0.97,225.04,11.38
MTR1008,2024-01-03 16:00:00,0.16,226.15,9.48
MTR1008,2024-01-03 17:00:00,0.26,225.72,7.94
MTR1008,2024-01-03 18:00:00,0.84,234.4,13.39
MTR1008,2024-01-03 19:00:00,0.31,235.31,10.34
MTR1008,2024-01-03 20:00:00,0.62,232.44,14.72
MTR1008,2024-01-03 21:00:00,0.55,231.38,3.32
MTR1008,2024-01-03 22:00:00,0.38,235.14,8.69
MTR1008,2024-01-03 23:00:00,1.38,223.04,7.98
MTR1008,2024-01-04 00:00:00,0.37,224.16,12.36
MTR1008,2024-01-04 01:00:00,1.48,225.08,6.76
MTR1008,2024-01-04 02:00:00,0.94,229.29,12.81
MTR1008,2024-01-04 03:00:00,0.69,232.64,12.56
MTR1008,2024-01-04 04:00:00,0.58,231.8,7.05
MTR1008,2024-01-04 05:00:00,0.59,228.52,10.14
MTR1008,2024-01-04 06:00:00,0.26,228.9,9.47
MTR1008,2024-01-04 07:00:00,0.74,231.82,10.45
MTR1008,2024-01-04 08:00:00,1.27,228.68,7.27
MTR1008,2024-01-04 09:00:00,0.38,230.13,6.53
MTR1008,2024-01-04 10:00:00,0.2,217.83,6.98
MTR1008,2024-01-04 11:00:00,0.12,232.81,9.22
MTR1008,2024-01-04 12:00:00,0.33,228.83,9.92
MTR1008,2024-01-04 13:00:00,0.77,232.5,11.13
MTR1008,2024-01-04 14:00:00,0.5,230.79,12.46
MTR1008,2024-01-04 15:00:00,0.62,232.16,8.73
MTR1008,2024-01-04 16:00:00,0.44,221.68,12.84
MTR1008,2024-01-04 17:00:00,1.3,225.86,8.76
MTR1008,2024-01-04 18:00:00,0.76,235.28,15.5
MTR1008,2024-01-04 19:00:00,1.49,226.76,8.4
MTR1008,2024-01-04 20:00:00,0.26,216.75,12.7
MTR1008,2024-01-04 21:00:00,0.56,224.22,14.51
MTR1008,2024-01-04 22:00:00,0.73,233.23,11.49
MTR1008,2024-01-04 23:00:00,1.05,235.53,11.84
MTR1008,2024-01-05 00:00:00,0.17,234.85,7.59
MTR1008,2024-01-05 01:00:00,0.34,229.21,9.16
MTR1008,2024-01-05 02:00:00,1.17,238.91,7.99
MTR1008,2024-01-05 03:00:00,0.91,232.65,10.11
MTR1008,2024-01-05 04:00:00,0.26,223.57,9.93
MTR1008,2024-01-05 05:00:00,0.17,223.69,11.01
MTR1008,2024-01-05 06:00:00,0.92,228.37,8.49
MTR1008,2024-01-05 07:00:00,1.19,240.05,8.02
MTR1008,2024-01-05 08:00:00,1.01,227.69,11.82
MTR1008,2024-01-05 09:00:00,1.06,241.54,9.64
MTR1008,2024-01-05 10:00:00,1.14,229.15,10.08
MTR1008,2024-01-05 11:00:00,0.37,226.98,11.65
MTR1008,2024-01-05 12:00:00,1.12,231.96,5.42
MTR1008,2024-01-05 13:00:00,0.2,231.53,11.57
MTR1008,2024-01-05 14:00:00,0.74,235.18,13.07
MTR1008,2024-01-05 15:00:00,0.9,230.83,8.9
MTR1008,2024-01-05 16:00:00,1.18,232.54,13.26
MTR1008,2024-01-05 17:00:00,0.71,228.78,8.0
MTR1008,2024-01-05 18:00:00,0.6,235.37,8.17
MTR1008,2024-01-05 19:00:00,1.08,233.26,10.26
MTR1008,2024-01-05 20:00:00,0.59,233.72,7.56
MTR1008,2024-01-05 21:00:00,0.38,224.68,8.57
MTR1008,2024-01-05 22:00:00,0.2,227.32,11.43
MTR1008,2024-01-05 23:00:00,0.76,230.23,9.79
MTR1008,2024-01-06 00:00:00,0.56,227.27,13.05
MTR1008,2024-01-06 01:00:00,0.37,224.51,10.08
MTR1008,2024-01-06 02:00:00,0.72,232.95,9.48
MTR1008,2024-01-06 03:00:00,0.19,225.36,11.14
MTR1008,2024-01-06 04:00:00,0.55,234.18,9.65
MTR1008,2024-01-06 05:00:00,0.44,228.64,8.78
MTR1008,2024-01-06 06:00:00,0.25,231.03,7.93
MTR1008,2024-01-06 07:00:00,0.19,225.55,9.34
MTR1008,2024-01-06 08:00:00,0.46,223.28,11.7
MTR1008,2024-01-06 09:00:00,0.79,231.14,8.04
MTR1008,2024-01-06 10:00:00,0.54,235.88,10.97
MTR1008,2024-01-06 11:00:00,0.96,224.85,8.28
MTR1008,2024-01-06 12:00:00,0.56,228.08,9.19
MTR1008,2024-01-06 13:00:00,1.21,224.4,5.96
MTR1008,2024-01-06 14:00:00,0.93,226.56,10.29
MTR1008,2024-01-06 15:00:00,1.26,232.8,8.38
MTR1008,2024-01-06 16:00:00,1.18,233.05,13.32
MTR1008,2024-01-06 17:00:00,0.12,236.16,6.72
MTR1008,2024-01-06 18:00:00,0.64,227.94,11.57
MTR1008,2024-01-06 19:00:00,0.51,225.68,7.58
MTR1008,2024-01-06 20:00:00,0.88,234.95,12.52
MTR1008,2024-01-06 21:00:00,1.23,230.31,10.15
MTR1008,2024-01-06 22:00:00,0.13,225.83,11.35
MTR1008,2024-01-06 23:00:00,0.29,222.96,12.16
MTR1009,2024-01-01 00:00:00,0.18,228.04,7.27
MTR1009,2024-01-01 01:00:00,0.6,240.06,10.27
MTR1009,2024-01-01 02:00:00,1.4,236.06,10.96
MTR1009,2024-01-01 03:00:00,0.22,222.3,7.21
MTR1009,2024-01-01 04:00:00,1.34,229.14,9.66
MTR1009,2024-01-01 05:00:00,0.56,229.63,10.97
MTR1009,2024-01-01 06:00:00,0.98,225.93,12.77
MTR1009,2024-01-01 07:00:00,0.31,226.77,7.97
MTR1009,2024-01-01 08:00:00,0.99,234.11,10.09
MTR1009,2024-01-01 09:00:00,1.24,232.42,11.07
MTR1009,2024-01-01 10:00:00,0.55,227.25,10.82
MTR1009,2024-01-01 11:00:00,1.02,229.05,10.11
MTR1009,2024-01-01 12:00:00,1.2,228.66,10.93
MTR1009,2024-01-01 13:00:00,1.24,230.91,8.48
MTR1009,2024-01-01 14:00:00,0.78,233.9,10.17
MTR1009,2024-01-01 15:00:00,1.32,226.5,11.77
MTR1009,2024-01-01 16:00:00,1.38,228.03,9.7
MTR1009,2024-01-01 17:00:00,1.04,226.24,8.42
MTR1009,2024-01-01 18:00:00,0.53,229.93,9.74
MTR1009,2024-01-01 19:00:00,0.22,224.53,11.51
MTR1009,2024-01-01 20:00:00,1.42,228.04,11.38
MTR1009,2024-01-01 21:00:00,1.2,226.2,10.36
MTR1009,2024-01-01 22:00:00,1.01,237.37,12.66
MTR1009,2024-01-01 23:00:00,0.53,229.69,9.92
MTR1009,2024-01-02 00:00:00,0.37,232.7,11.96
MTR1009,2024-01-02 01:00:00,0.99,237.31,6.31
MTR1009,2024-01-02 02:00:00,0.53,237.27,9.77
MTR1009,2024-01-02 03:00:00,1.47,226.17,5.21
MTR1009,2024-01-02 04:00:00,1.09,226.1,9.15
MTR1009,2024-01-02 05:00:00,0.96,224.6,7.6
MTR1009,2024-01-02 06:00:00,0.2,234.55,9.25
MTR1009,2024-01-02 07:00:00,0.43,234.82,12.9
MTR1009,2024-01-02 08:00:00,1.31,229.56,10.26
MTR1009,2024-01-02 09:00:00,0.18,230.94,6.65
MTR1009,2024-01-02 10:00:00,0.34,229.29,7.48
MTR1009,2024-01-02 11:00:00,0.15,228.9,8.03
MTR1009,2024-01-02 12:00:00,0.19,226.96,5.18
MTR1009,2024-01-02 13:00:00,0.73,230.44,12.18
MTR1009,2024-01-02 14:00:00,0.76,236.21,9.3
MTR1009,2024-01-02 15:00:00,1.35,232.16,11.76
MTR1009,2024-01-02 16:00:00,0.29,231.01,11.08
MTR1009,2024-01-02 17:00:00,1.14,234.29,9.06
MTR1009,2024-01-02 18:00:00,0.46,226.02,15.3
MTR1009,2024-01-02 19:00:00,1.31,230.64,8.11
MTR1009,2024-01-02 20:00:00,0.82,234.14,8.88
MTR1009,2024-01-02 21:00:00,1.15,232.97,10.74
MTR1009,2024-01-02 22:00:00,1.11,233.81,8.01
MTR1009,2024-01-02 23:00:00,0.53,229.58,9.9
MTR1009,2024-01-03 00:00:00,1.14,225.12,11.55
MTR1009,2024-01-03 01:00:00,1.15,233.81,8.37
MTR1009,2024-01-03 02:00:00,0.48,226.48,10.42
MTR1009,2024-01-03 03:00:00,0.73,234.35,12.23
MTR1009,2024-01-03 04:00:00,1.24,231.56,10.86
MTR1009,2024-01-03 05:00:00,1.04,230.19,9.0
MTR1009,2024-01-03 06:00:00,0.15,227.07,12.01
MTR1009,2024-01-03 07:00:00,0.89,234.55,8.58
MTR1009,2024-01-03 08:00:00,1.34,235.12,9.43
MTR1009,2024-01-03 09:00:00,0.47,235.69,10.22
MTR1009,2024-01-03 10:00:00,0.56,223.3,10.32
MTR1009,2024-01-03 11:00:00,0.7,225.51,5.99
MTR1009,2024-01-03 12:00:00,1.47,233.06,11.59
MTR1009,2024-01-03 13:00:00,0.85,227.72,11.93
MTR1009,2024-01-03 14:00:00,1.09,234.54,10.92
MTR1009,2024-01-03 15:00:00,1.38,225.08,11.98
MTR1009,2024-01-03 16:00:00,0.56,238.55,9.66
MTR1009,2024-01-03 17:00:00,0.29,226.03,4.45
MTR1009,2024-01-03 18:00:00,0.4,228.29,10.0
MTR1009,2024-01-03 19:00:00,1.22,230.27,10.49
MTR1009,2024-01-03 20:00:00,0.81,228.31,13.16
MTR1009,2024-01-03 21:00:00,0.93,225.33,11.23
MTR1009,2024-01-03 22:00:00,0.73,232.39,12.04
MTR1009,2024-01-03 23:00:00,0.68,226.04,10.68
MTR1009,2024-01-04 00:00:00,0.66,226.83,11.33
MTR1009,2024-01-04 01:00:00,0.36,234.51,12.12
MTR1009,2024-01-04 02:00:00,1.29,231.75,8.69
MTR1009,2024-01-04 03:00:00,0.81,230.16,12.58
MTR1009,2024-01-04 04:00:00,0.97,218.33,5.24
MTR1009,2024-01-04 05:00:00,1.18,237.17,12.77
MTR1009,2024-01-04 06:00:00,0.73,238.31,10.42
MTR1009,2024-01-04 07:00:00,1.26,232.36,10.44
MTR1009,2024-01-04 08:00:00,1.25,239.45,11.36
MTR1009,2024-01-04 09:00:00,1.4,235.7,10.84
MTR1009,2024-01-04 10:00:00,1.06,222.15,10.63
MTR1009,2024-01-04 11:00:00,0.7,230.36,10.43
MTR1009,2024-01-04 12:00:00,0.89,230.69,11.38
MTR1009,2024-01-04 13:00:00,0.84,234.01,11.95
MTR1009,2024-01-04 14:00:00,0.37,218.99,5.4
MTR1009,2024-01-04 15:00:00,0.63,217.1,11.03
MTR1009,2024-01-04 16:00:00,0.38,226.39,9.7
MTR1009,2024-01-04 17:00:00,0.91,232.25,11.42
MTR1009,2024-01-04 18:00:00,0.6,222.86,10.44
MTR1009,2024-01-04 19:00:00,0.86,232.83,9.13
MTR1009,2024-01-04 20:00:00,0.66,233.6,8.83
MTR1009,2024-01-04 21:00:00,0.58,230.87,8.09
MTR1009,2024-01-04 22:00:00,0.91,225.16,11.6
MTR1009,2024-01-04 23:00:00,0.72,227.88,9.56
MTR1009,2024-01-05 00:00:00,1.33,225.36,12.14
MTR1009,2024-01-05 01:00:00,0.94,231.04,9.68
MTR1009,2024-01-05 02:00:00,0.26,230.0,9.65
MTR1009,2024-01-05 03:00:00,0.92,226.89,10.22
MTR1009,2024-01-05 04:00:00,0.54,222.47,9.99
MTR1009,2024-01-05 05:00:00,1.32,229.87,8.25
MTR1009,2024-01-05 06:00:00,1.07,233.64,7.21
MTR1009,2024-01-05 07:00:00,1.26,220.95,10.97
MTR1009,2024-01-05 08:00:00,0.7,235.61,8.13
MTR1009,2024-01-05 09:00:00,1.21,232.28,12.63
MTR1009,2024-01-05 10:00:00,0.57,227.17,10.11
MTR1009,2024-01-05 11:00:00,1.14,228.15,9.92
MTR1009,2024-01-05 12:00:00,0.19,236.72,6.38
MTR1009,2024-01-05 13:00:00,0.75,228.06,14.7
MTR1009,2024-01-05 14:00:00,1.03,228.3,9.51
MTR1009,2024-01-05 15:00:00,0.94,227.66,9.97
MTR1009,2024-01-05 16:00:00,0.63,230.39,8.07
MTR1009,2024-01-05 17:00:00,0.65,236.14,10.91
MTR1009,2024-01-05 18:00:00,0.52,230.21,11.1
MTR1009,2024-01-05 19:00:00,0.97,235.71,12.48
MTR1009,2024-01-05 20:00:00,0.82,226.86,9.8
MTR1009,2024-01-05 21:00:00,0.13,223.09,7.64
MTR1009,2024-01-05 22:00:00,0.64,232.09,8.73
MTR1009,2024-01-05 23:00:00,1.3,229.94,11.45
MTR1009,2024-01-06 00:00:00,1.08,228.74,12.19
MTR1009,2024-01-06 01:00:00,0.53,230.13,11.47
MTR1009,2024-01-06 02:00:00,0.8,231.81,12.17
MTR1009,2024-01-06 03:00:00,0.56,231.21,7.31
MTR1009,2024-01-06 04:00:00,0.92,232.29,9.24
MTR1009,2024-01-06 05:00:00,0.22,236.87,7.81
MTR1009,2024-01-06 06:00:00,0.48,232.69,11.47
MTR1009,2024-01-06 07:00:00,1.2,230.78,6.33
MTR1009,2024-01-06 08:00:00,1.15,232.54,11.67
MTR1009,2024-01-06 09:00:00,1.4,225.61,12.17
MTR1009,2024-01-06 10:00:00,0.47,225.26,11.21
MTR1009,2024-01-06 11:00:00,0.23,236.57,10.26
MTR1009,2024-01-06 12:00:00,0.24,232.9,11.09
MTR1009,2024-01-06 13:00:00,0.78,235.17,12.02
MTR1009,2024-01-06 14:00:00,1.36,225.0,10.44
MTR1009,2024-01-06 15:00:00,0.27,225.83,11.17
MTR1009,2024-01-06 16:00:00,0.56,227.76,9.98
MTR1009,2024-01-06 17:00:00,0.45,222.07,8.67
MTR1009,2024-01-06 18:00:00,0.29,234.08,11.19
MTR1009,2024-01-06 19:00:00,0.46,227.22,12.66
MTR1009,2024-01-06 20:00:00,0.81,232.14,11.22
MTR1009,2024-01-06 21:00:00,1.23,228.77,11.72
MTR1009,2024-01-06 22:00:00,0.5,233.83,11.02
MTR1009,2024-01-06 23:00:00,1.31,234.25,9.11
MTR1034,2024-01-06 21:00:00,1.23,250.77,11.72
MTR1034,2024-01-06 22:00:00,0.5,250.83,11.02